"Name","Agent","State","Notes","User","Tags","Created","Runtime","Sweep","anatomy","batch-size","batch_size","checkpoint_dir","command","detectability_contrast_hu","detectability_contrasts_hu","detectability_max_slices","detectability_periimage_max_slices","detectability_roi_size","detectability_sites","device","entity","epochs","eval_detectability","f2n-channels","f2n-iters","f2n-layers","f2n-lr","f2n-radius","f2n_channels","f2n_iters","f2n_layers","f2n_lr","f2n_radius","flow-steps-eval","flow-steps","flow_steps","flow_steps_eval","git_sha","gpu_name","h5_path","hu_offset","hu_scale","log_image_freq","log_images","lr","method","metric.goal","metric.name","model","model_size_mb","n2sim-num-similar","n2sim-patch-radius","n2sim-search-radius","n2sim_num_similar","n2sim_patch_radius","n2sim_search_radius","n2v-mask-fraction","n2v-neighbor-radius","n2v_mask_fraction","n2v_neighbor_radius","n_train_patients","n_train_slices","n_val_patients","n_val_slices","num-workers","num_workers","param_count","parameters.batch-size","parameters.batch_sizes","parameters.epochs","parameters.f2n-channels","parameters.f2n-iters","parameters.f2n-layers","parameters.f2n-lr","parameters.f2n-radius","parameters.flow-steps-eval","parameters.flow-steps-evals","parameters.flow-steps","parameters.h5_cache","parameters.lr.distribution","parameters.lr.max","parameters.lr.min","parameters.model","parameters.models","parameters.n2sim-num-similar","parameters.n2sim-patch-radius","parameters.n2sim-search-radius","parameters.n2v-mask-fraction","parameters.n2v-neighbor-radius","parameters.num-workers","parameters.patch_sizes","parameters.prefetch-factor","parameters.seeds","parameters.ssflow-exclude-radiuss","parameters.ssflow-num-similar","parameters.ssflow-pairing","parameters.ssflow-patch-radius","parameters.ssflow-search-radius","parameters.training-mode","parameters.training-modes","parameters.wandb_project","parameters.zsn2n-channels","parameters.zsn2n-iters","parameters.zsn2n-lr","patch_size","prefetch-factor","prefetch_factor","program","project","seed","ssflow-exclude-radius","ssflow-num-similar","ssflow-pairing","ssflow-patch-radius","ssflow-search-radius","ssflow_exclude_radius","ssflow_num_similar","ssflow_pairing","ssflow_patch_radius","ssflow_search_radius","synthetic_len","torch_version","trainable_params","training-mode","training_mode","val_fraction","val_patient_ids","wandb_project","zsn2n-channels","zsn2n-iters","zsn2n-lr","zsn2n_channels","zsn2n_iters","zsn2n_lr","baseline/gmsd","baseline/gmsd_std","baseline/nps_ratio","baseline/nps_ratio_std","baseline/psnr","baseline/psnr_std","baseline/rmse","baseline/rmse_std","baseline/ssim","baseline/ssim_std","det/auc_clean","det/auc_denoised","det/auc_fabrication","det/auc_input","det/c160/auc_clean","det/c160/auc_denoised","det/c160/auc_input","det/c160/d_prime_clean","det/c160/d_prime_denoised","det/c160/d_prime_input","det/c160/detectability_preserved","det/c160/n_rois_clean","det/c160/n_rois_denoised","det/c160/n_rois_input","det/c40/auc_clean","det/c40/auc_denoised","det/c40/auc_input","det/c40/d_prime_clean","det/c40/d_prime_denoised","det/c40/d_prime_input","det/c40/detectability_preserved","det/c40/n_rois_clean","det/c40/n_rois_denoised","det/c40/n_rois_input","det/c80/auc_clean","det/c80/auc_denoised","det/c80/auc_input","det/c80/d_prime_clean","det/c80/d_prime_denoised","det/c80/d_prime_input","det/c80/detectability_preserved","det/c80/n_rois_clean","det/c80/n_rois_denoised","det/c80/n_rois_input","det/d_prime_clean","det/d_prime_denoised","det/d_prime_fabrication","det/d_prime_fabrication_input","det/d_prime_input","det/detectability_preserved","det/n_rois_clean","det/n_rois_denoised","det/n_rois_input","det/n_slices","det/noise_power_denoised","det/noise_power_input","det/nps_mean_freq_denoised","det/nps_mean_freq_input","epoch","train/loss","val/gmsd","val/gmsd.min","val/gmsd_std","val/latency_ms","val/nps_ratio","val/nps_ratio.min","val/nps_ratio_std","val/peak_mem_mb","val/psnr","val/psnr.max","val/psnr_gain","val/psnr_std","val/rmse","val/rmse.min","val/rmse_std","val/ssim","val/ssim.max","val/ssim_gain","val/ssim_std"
"twilight-sweep-45","","running","-","","","2026-07-09T13:49:05.000Z","130391","55if6jcw","abdomen","","32","checkpoints","","","[40,80,160]","200","25","32","6","cuda","","50","true","","","","","","16","1500","2","0.001","3","5","20","20","5","11feb2f","NVIDIA A100-SXM4-80GB","/workspace/data.h5","160","400","1","0","0.0001","","","","flowmatching","8.4329","1","1","4","1","1","4","0.02","2","0.02","2","40","6442","10","1717","","8","2108225","","","","","","","","","","","","","","","","","","","","","","","","","","","","","","","","","","","","","","64","","4","","","2","","","","","","2","1","similarity","1","4","64","2.3.1","2108225","n2sim","n2sim","0.2","L033,L056,L064,L107,L134,L148,L178,L193,L209,L299","ctdenoiser-sweep","","","","48","2000","0.001","0.1743450308252228","0.025161074853986172","0.011259451431635035","0.006622849727059079","30.035500681393355","2.1568400973465605","0.032486801829794396","0.008327561167528176","0.87730835372095","0.04906202559296733","","","","","","","","","","","","","","","","","","","","","","","","","","","","","","","","","","","","","","","","","","","","","","","","","50","0.00073561579141117","","0.1828687604371378","0.013373400360767642","1401.4577130701916","","0.009069888459287485","0.005974524857503486","84.852736","","30.990635644716097","","2.0810771708661706","","0.029081876307235566","0.00754709471034628","","0.8902048361322251","","0.04540952081289901"
"logical-sweep-44","","finished","-","","","2026-07-09T03:14:21.000Z","131135","55if6jcw","abdomen","","32","checkpoints","","","[40,80,160]","200","25","32","6","cuda","","50","true","","","","","","16","1500","2","0.001","3","5","20","20","5","11feb2f","NVIDIA A100-SXM4-80GB","/workspace/data.h5","160","400","1","0","0.0001","","","","flowmatching","8.4329","1","1","4","1","1","4","0.02","2","0.02","2","40","6442","10","1717","","8","2108225","","","","","","","","","","","","","","","","","","","","","","","","","","","","","","","","","","","","","","64","","4","","","2","","","","","","2","1","similarity","1","4","64","2.3.1","2108225","n2v","n2v","0.2","L033,L056,L064,L107,L134,L148,L178,L193,L209,L299","ctdenoiser-sweep","","","","48","2000","0.001","0.1743450308252228","0.025161074853986172","0.011259451431635035","0.006622849727059079","30.035500681393355","2.1568400973465605","0.032486801829794396","0.008327561167528176","0.87730835372095","0.04906202559296733","0.9998081938300164","0.9996405766386124","0.5323129493547267","0.9997695622793682","0.9998081938300164","0.9996405766386124","0.9997695622793682","5.02202570412738","4.783277918537348","4.953314344033104","0.9656721916507104","1200","1200","1200","0.812669734969969","0.8216558448077218","0.8093845684335557","1.255506765668037","1.3034718860971686","1.2383287259956752","1.0526057085925349","1200","1200","1200","0.9620968156485584","0.9659895715630568","0.960049537559666","2.511013309666974","2.580753959073521","2.4766573647754035","1.042031084226121","1200","1200","1200","5.02202570412738","4.783277918537348","0.1146719572887024","0.02320129409395606","4.953314344033104","0.9656721916507104","1200","1200","1200","200","0.013200164197284418","0.013690959554999917","0.13254872991280123","0.10763022886081174","50","0.003878874317443623","","0.2670118031403875","0.013228565448188165","1355.5872703302514","","0.030653207764641345","0.010870164459196868","85.147648","","25.36954690358912","-4.6659537778042335","0.9821605544032626","","0.05427401022303222","0.006341537977270569","","0.8268904974798026","-0.05986899397855039","0.040845842324618714"
"dazzling-sweep-43","","finished","-","","","2026-07-08T12:38:32.000Z","125088","55if6jcw","abdomen","","32","checkpoints","","","[40,80,160]","200","25","32","6","cuda","","50","true","","","","","","16","1500","2","0.001","3","5","20","20","5","11feb2f","NVIDIA A100-PCIE-40GB","/workspace/data.h5","160","400","1","0","0.0001","","","","flowmatching","8.4425","1","1","4","1","1","4","0.02","2","0.02","2","40","6442","10","1717","","8","2110625","","","","","","","","","","","","","","","","","","","","","","","","","","","","","","","","","","","","","","64","","4","","","2","","","","","","2","1","similarity","1","4","64","2.3.1","2110625","supervised","supervised","0.2","L033,L056,L064,L107,L134,L148,L178,L193,L209,L299","ctdenoiser-sweep","","","","48","2000","0.001","0.1743450308252228","0.025161074853986172","0.011259451431635035","0.006622849727059079","30.035500681393355","2.1568400973465605","0.032486801829794396","0.008327561167528176","0.87730835372095","0.04906202559296733","0.9998081938300164","0.9995577486705632","0.5101763597972638","0.9997695622793682","0.9998081938300164","0.9995577486705632","0.9997695622793682","5.02202570412738","4.702118618827838","4.953314344033104","0.9492873442389412","1200","1200","1200","0.812669734969969","0.8154215078494792","0.8093845684335557","1.255506765668037","1.2700395548061432","1.2383287259956752","1.0256077632253673","1200","1200","1200","0.9620968156485584","0.9626476921370304","0.960049537559666","2.511013309666974","2.520515583163756","2.4766573647754035","1.0177086338272432","1200","1200","1200","5.02202570412738","4.702118618827838","0.03607816922157724","0.02320129409395606","4.953314344033104","0.9492873442389412","1200","1200","1200","200","0.01064631560072788","0.013690959554999917","0.08789383330128411","0.10763022867116062","50","0.00010945020658627808","","0.19487641026235003","0.012031834509715528","1402.6834807750847","","0.005770303372493861","0.00306536399309361","85.014528","","32.81235788641937","2.7768572050260154","1.5776684377050032","","0.023382001455024917","0.004674081494236955","","0.915352614348061","-0.008007581836620536","0.031526940746070486"
"rose-sweep-42","","finished","-","","","2026-07-08T12:19:22.000Z","140791","55if6jcw","abdomen","","32","checkpoints","","","[40,80,160]","200","25","32","6","cuda","","50","true","","","","","","16","1500","2","0.001","3","5","20","20","5","11feb2f","NVIDIA A100-SXM4-80GB","/workspace/data.h5","160","400","1","0","0.0001","","","","flowmatching","8.4329","1","1","4","1","1","4","0.02","2","0.02","2","40","6395","10","1764","","8","2108225","","","","","","","","","","","","","","","","","","","","","","","","","","","","","","","","","","","","","","64","","4","","","1","","","","","","2","1","similarity","1","4","64","2.3.1","2108225","n2sim","n2sim","0.2","L014,L049,L064,L081,L107,L131,L178,L266,L273,L277","ctdenoiser-sweep","","","","48","2000","0.001","0.1817106632748091","0.025930322133062955","0.015348401400281746","0.01255091615694689","29.271948412162107","2.730983950082522","0.03612447276187727","0.011609873771247331","0.8587089023825263","0.058741084661104115","0.9999458671538104","0.9995887829686748","0.5089326163398019","0.9999267037559536","0.9999458671538104","0.9995887829686748","0.9999267037559536","5.474815569530475","4.730731100905063","5.369446487055258","0.881046326154843","1200","1200","1200","0.8334326779173298","0.8297811562868882","0.8287386585113559","1.3687031206103066","1.3481709171925964","1.3423609968807524","1.0043281355204334","1200","1200","1200","0.9735440282685178","0.9699748498605708","0.9711773363580511","2.7374067737019043","2.6593212788202703","2.684722424241604","0.9905386325260388","1200","1200","1200","5.474815569530475","4.730731100905063","0.03166794680131204","0.031781855157137974","5.369446487055258","0.881046326154843","1200","1200","1200","200","0.010364831508680552","0.011120062474947196","0.10356407615271486","0.1083852939172224","50","0.0006693586829992957","","0.19544570672572875","0.01473465533042347","1492.1122556784594","","0.013053375655307928","0.011447480455112534","86.720512","","30.165175251949943","0.893226839787836","2.706046247060048","","0.03280182739259367","0.010992652403556014","","0.8706890821051435","0.00990798420646566","0.05746521683667091"
"revived-sweep-41","","finished","-","","","2026-07-08T11:47:35.000Z","117733","55if6jcw","abdomen","","32","checkpoints","","","[40,80,160]","200","25","32","6","cuda","","50","true","","","","","","16","1500","2","0.001","3","5","20","20","5","11feb2f","NVIDIA A100 80GB PCIe","/workspace/data.h5","160","400","1","0","0.0001","","","","flowmatching","8.4329","1","1","4","1","1","4","0.02","2","0.02","2","40","6395","10","1764","","8","2108225","","","","","","","","","","","","","","","","","","","","","","","","","","","","","","","","","","","","","","64","","4","","","1","","","","","","2","1","similarity","1","4","64","2.3.1","2108225","n2v","n2v","0.2","L014,L049,L064,L081,L107,L131,L178,L266,L273,L277","ctdenoiser-sweep","","","","48","2000","0.001","0.1817106632748091","0.025930322133062955","0.015348401400281746","0.01255091615694689","29.271948412162107","2.730983950082522","0.03612447276187727","0.011609873771247331","0.8587089023825263","0.058741084661104115","0.9999458671538104","0.9998114485016674","0.5185296979554669","0.9999267037559536","0.9999458671538104","0.9998114485016674","0.9999267037559536","5.474815569530475","5.028392010395029","5.369446487055258","0.9364823771905636","1200","1200","1200","0.8334326779173298","0.849652346367163","0.8287386585113559","1.3687031206103066","1.4636311060952496","1.3423609968807524","1.0903409064300087","1200","1200","1200","0.9735440282685178","0.9783993248451176","0.9711773363580511","2.7374067737019043","2.859197698120626","2.684722424241604","1.0649881985204892","1200","1200","1200","5.474815569530475","5.028392010395029","0.0657097045968274","0.031781855157137974","5.369446487055258","0.9364823771905636","1200","1200","1200","200","0.01054578786570346","0.011120062474947196","0.13119670819152482","0.1083852938630364","50","0.00366170754892121","","0.25802338151197857","0.016050531742151757","1262.5640024499155","","0.036181581573024424","0.017973994064381656","86.831104","","24.906309154839203","-4.365639257322904","1.3477309114968326","","0.057693563467166184","0.009588042287358227","","0.7992724192047876","-0.103589776996312","0.06367174699461639"
"vibrant-sweep-40","","finished","-","","","2026-07-08T09:20:32.000Z","150477","55if6jcw","abdomen","","32","checkpoints","","","[40,80,160]","200","25","32","6","cuda","","50","true","","","","","","16","1500","2","0.001","3","5","20","20","5","11feb2f","NVIDIA A100-SXM4-80GB","/workspace/data.h5","160","400","1","0","0.0001","","","","flowmatching","8.4425","1","1","4","1","1","4","0.02","2","0.02","2","40","6395","10","1764","","8","2110625","","","","","","","","","","","","","","","","","","","","","","","","","","","","","","","","","","","","","","64","","4","","","1","","","","","","2","1","similarity","1","4","64","2.3.1","2110625","supervised","supervised","0.2","L014,L049,L064,L081,L107,L131,L178,L266,L273,L277","ctdenoiser-sweep","","","","48","2000","0.001","0.1817106632748091","0.025930322133062955","0.015348401400281746","0.01255091615694689","29.271948412162107","2.730983950082522","0.03612447276187727","0.011609873771247331","0.8587089023825263","0.058741084661104115","0.9999458671538104","0.999639354040312","0.5091463453334106","0.9999267037559536","0.9999458671538104","0.999639354040312","0.9999267037559536","5.474815569530475","4.78195862789305","5.369446487055258","0.8905868862687182","1200","1200","1200","0.8334326779173298","0.8333511209352583","0.8287386585113559","1.3687031206103066","1.3682413846825143","1.3423609968807524","1.019279752512104","1200","1200","1200","0.9735440282685178","0.972166046742832","0.9711773363580511","2.7374067737019043","2.7062764392699177","2.684722424241604","1.0080283960955116","1200","1200","1200","5.474815569530475","4.78195862789305","0.032425790917758615","0.031781855157137974","5.369446487055258","0.8905868862687182","1200","1200","1200","200","0.00861313624964775","0.011120062474947196","0.08455822386524893","0.10838529394431544","50","0.00005755265158315482","","0.2002700053223001","0.012426654107448424","1450.453923630017","","0.0070906906816216135","0.006815193140536371","86.349824","","32.35511314085011","3.0831647286880006","2.495964858755702","","0.02496101618153117","0.008359957754852931","","0.901784998962398","0.03810296172187444","0.047563314557007866"
"glamorous-sweep-39","","finished","-","","","2026-07-08T06:49:48.000Z","111550","55if6jcw","abdomen","","32","checkpoints","","","[40,80,160]","200","25","32","6","cuda","","50","true","","","","","","16","1500","2","0.001","3","5","20","20","5","11feb2f","NVIDIA A100-SXM4-80GB","/workspace/data.h5","160","400","1","0","0.0001","","","","flowmatching","8.4329","1","1","4","1","1","4","0.02","2","0.02","2","40","6683","10","1476","","8","2108225","","","","","","","","","","","","","","","","","","","","","","","","","","","","","","","","","","","","","","64","","4","","","0","","","","","","2","1","similarity","1","4","64","2.3.1","2108225","n2sim","n2sim","0.2","L004,L006,L057,L075,L081,L170,L175,L210,L237,L273","ctdenoiser-sweep","","","","48","2000","0.001","0.16579707945649055","0.02371023950991721","0.007906541896972624","0.003156594087970572","31.436725347668823","1.819202710753889","0.02736140823819571","0.005331033674202936","0.893201514957397","0.03449907267976729","0.9999999935354418","0.9999999101700636","0.5077719130539495","0.9999999860405032","0.9999999935354418","0.9999999101700636","0.9999999860405032","8.042631204801383","7.381118473428613","7.854555880825419","0.9397244841617888","1200","1200","1200","0.9224505425745264","0.9175217330181908","0.9175078814661328","2.010657764656824","1.9637671145253992","1.963638355643936","1.000065571586078","1200","1200","1200","0.9977689461044764","0.997050022920806","0.9972568772977186","4.02131557264479","3.893740580528451","3.927277136420278","0.991460608781382","1200","1200","1200","8.042631204801383","7.381118473428613","0.027552457353082333","0.029685928299450833","7.854555880825419","0.9397244841617888","1200","1200","1200","200","0.006441320674396897","0.006922582487362279","0.1142943679744547","0.11853173979304046","50","0.0007425978676128625","","0.17935759916417","0.011740310397605912","1426.7908754994523","","0.006378014345995976","0.0027632933054902616","86.720512","","32.37852344021888","0.9417980925500552","1.720592875673472","","0.024505553734274252","0.004655309977526803","","0.9067464152245016","0.013544900267104754","0.030644785168685015"
"kind-sweep-38","","finished","-","","","2026-07-08T06:20:17.000Z","119143","55if6jcw","abdomen","","32","checkpoints","","","[40,80,160]","200","25","32","6","cuda","","50","true","","","","","","16","1500","2","0.001","3","5","20","20","5","11feb2f","NVIDIA A100-SXM4-80GB","/workspace/data.h5","160","400","1","0","0.0001","","","","flowmatching","8.4329","1","1","4","1","1","4","0.02","2","0.02","2","40","6683","10","1476","","8","2108225","","","","","","","","","","","","","","","","","","","","","","","","","","","","","","","","","","","","","","64","","4","","","0","","","","","","2","1","similarity","1","4","64","2.3.1","2108225","n2v","n2v","0.2","L004,L006,L057,L075,L081,L170,L175,L210,L237,L273","ctdenoiser-sweep","","","","48","2000","0.001","0.16579707945649055","0.02371023950991721","0.007906541896972624","0.003156594087970572","31.436725347668823","1.819202710753889","0.02736140823819571","0.005331033674202936","0.893201514957397","0.03449907267976729","0.9999999935354418","0.9999999707166484","0.5216549429770779","0.9999999860405032","0.9999999935354418","0.9999999707166484","0.9999999860405032","8.042631204801383","7.669453918934452","7.854555880825419","0.9764338092822232","1200","1200","1200","0.9224505425745264","0.9329369988580298","0.9175078814661328","2.010657764656824","2.1185313705104347","1.963638355643936","1.0788806219950335","1200","1200","1200","0.9977689461044764","0.9983963110678103","0.9972568772977186","4.02131557264479","4.167871960788635","3.927277136420278","1.0612625022403337","1200","1200","1200","8.042631204801383","7.669453918934452","0.07680250988311708","0.029685928299450833","7.854555880825419","0.9764338092822232","1200","1200","1200","200","0.0060913723568470825","0.006922582487362279","0.12960637566718183","0.11853174006397069","50","0.004048039938877701","","0.25820379096479595","0.01236254850326429","1397.2895493513847","","0.02146975920841017","0.008292167155291363","86.831104","","27.020429418662054","-4.416295929006768","0.966613841829668","","0.04485324282088092","0.0054091436302056975","","0.8562708642424607","-0.04439930432049566","0.03321445422185154"
"sweet-sweep-37","","finished","-","","","2026-07-07T21:05:01.000Z","108553","55if6jcw","abdomen","","32","checkpoints","","","[40,80,160]","200","25","32","6","cuda","","50","true","","","","","","16","1500","2","0.001","3","5","20","20","5","11feb2f","NVIDIA A100-SXM4-80GB","/workspace/data.h5","160","400","1","0","0.0001","","","","flowmatching","8.4425","1","1","4","1","1","4","0.02","2","0.02","2","40","6683","10","1476","","8","2110625","","","","","","","","","","","","","","","","","","","","","","","","","","","","","","","","","","","","","","64","","4","","","0","","","","","","2","1","similarity","1","4","64","2.3.1","2110625","supervised","supervised","0.2","L004,L006,L057,L075,L081,L170,L175,L210,L237,L273","ctdenoiser-sweep","","","","48","2000","0.001","0.16579707945649055","0.02371023950991721","0.007906541896972624","0.003156594087970572","31.436725347668823","1.819202710753889","0.02736140823819571","0.005331033674202936","0.893201514957397","0.03449907267976729","0.9999999935354418","0.999999969760597","0.5076134495422164","0.9999999860405032","0.9999999935354418","0.999999969760597","0.9999999860405032","8.042631204801383","7.661331882060984","7.854555880825419","0.9753997550343828","1200","1200","1200","0.9224505425745264","0.9238073328016264","0.9175078814661328","2.010657764656824","2.0239610952636253","1.963638355643936","1.0307198825314794","1200","1200","1200","0.9977689461044764","0.997860663934828","0.9972568772977186","4.02131557264479","4.040196827574676","3.927277136420278","1.0287526668559288","1200","1200","1200","8.042631204801383","7.661331882060984","0.02699061437009517","0.029685928299450833","7.854555880825419","0.9753997550343828","1200","1200","1200","200","0.004994126239071192","0.006922582487362279","0.09247168389233676","0.11853174055164505","50","0.0000993222543910454","","0.1814711290363697","0.009895828177302004","1326.8728615011928","","0.004173688245066479","0.0014676211770996","86.349824","","34.10501944146505","2.6682940937962307","1.2970591331059895","","0.019975110733891688","0.0030058813196070593","","0.9286082760105288","0.03253137435370346","0.020784464907565567"
"treasured-sweep-36","","finished","-","","","2026-07-07T20:35:48.000Z","57757","55if6jcw","abdomen","","32","checkpoints","","","[40,80,160]","200","25","32","6","cuda","","50","true","","","","","","16","1500","2","0.001","3","5","20","20","5","11feb2f","NVIDIA A100-PCIE-40GB","/workspace/data.h5","160","400","1","0","0.0001","","","","ctformer","1.615876","1","1","4","1","1","4","0.02","2","0.02","2","40","6442","10","1717","","8","403969","","","","","","","","","","","","","","","","","","","","","","","","","","","","","","","","","","","","","","64","","4","","","2","","","","","","2","1","similarity","1","4","64","2.3.1","403969","n2sim","n2sim","0.2","L033,L056,L064,L107,L134,L148,L178,L193,L209,L299","ctdenoiser-sweep","","","","48","2000","0.001","0.1743450308252228","0.025161074853986172","0.011259451431635035","0.006622849727059079","30.035500681393355","2.1568400973465605","0.032486801829794396","0.008327561167528176","0.87730835372095","0.04906202559296733","0.9998081938300164","0.9993843528166552","0.5063247785356662","0.9997695622793682","0.9998081938300164","0.9993843528166552","0.9997695622793682","5.02202570412738","4.570073426459341","4.953314344033104","0.9226293970146624","1200","1200","1200","0.812669734969969","0.8097837707447739","0.8093845684335557","1.255506765668037","1.240406367126144","1.2383287259956752","1.0016777783530768","1200","1200","1200","0.9620968156485584","0.958659316486926","0.960049537559666","2.511013309666974","2.4541352413826543","2.4766573647754035","0.990906241730054","1200","1200","1200","5.02202570412738","4.570073426459341","0.02242169545069587","0.02320129409395606","4.953314344033104","0.9226293970146624","1200","1200","1200","200","0.012228374943564026","0.013690959554999917","0.09843055979772047","0.10763022886081174","50","0.0011073659499499973","","0.246977573912645","0.013590189770438472","648.4718497069069","","0.009431321781950944","0.005285117475108265","51.679232","","30.693890038936303","0.6583893575429514","1.8115323721983427","","0.029859479001452565","0.006682881027330216","","0.8888462119902298","-0.010165412063576462","0.040522135248455826"
"crisp-sweep-35","","finished","-","","","2026-07-07T19:59:00.000Z","56911","55if6jcw","abdomen","","32","checkpoints","","","[40,80,160]","200","25","32","6","cuda","","50","true","","","","","","16","1500","2","0.001","3","5","20","20","5","11feb2f","NVIDIA A100 80GB PCIe","/workspace/data.h5","160","400","1","0","0.0001","","","","ctformer","1.615876","1","1","4","1","1","4","0.02","2","0.02","2","40","6442","10","1717","","8","403969","","","","","","","","","","","","","","","","","","","","","","","","","","","","","","","","","","","","","","64","","4","","","2","","","","","","2","1","similarity","1","4","64","2.3.1","403969","n2v","n2v","0.2","L033,L056,L064,L107,L134,L148,L178,L193,L209,L299","ctdenoiser-sweep","","","","48","2000","0.001","0.1743450308252228","0.025161074853986172","0.011259451431635035","0.006622849727059079","30.035500681393355","2.1568400973465605","0.032486801829794396","0.008327561167528176","0.87730835372095","0.04906202559296733","0.9998081938300164","0.9995065172464624","0.5081158507111709","0.9997695622793682","0.9998081938300164","0.9995065172464624","0.9997695622793682","5.02202570412738","4.6587252387718605","4.953314344033104","0.94052687053546","1200","1200","1200","0.812669734969969","0.8121217171639897","0.8093845684335557","1.255506765668037","1.2526283615238103","1.2383287259956752","1.011547527912379","1200","1200","1200","0.9620968156485584","0.9607558612859306","0.960049537559666","2.511013309666974","2.4883449547323773","2.4766573647754035","1.004719098460369","1200","1200","1200","5.02202570412738","4.6587252387718605","0.02877192640988505","0.02320129409395606","4.953314344033104","0.94052687053546","1200","1200","1200","200","0.012331539644898548","0.013690959554999917","0.10480132541873236","0.10763022877953272","50","0.0011983830188651151","","0.2823047623185828","0.013923659224485177","618.7511143034859","","0.011527637534503091","0.005670918129153161","51.518976","","29.7440586545541","-0.29144202683925613","1.5783816615589812","","0.0331359061504181","0.00653290841676479","","0.8590001653083619","-0.05962044097825969","0.03733659082911308"
"bumbling-sweep-34","","finished","-","","","2026-07-07T14:00:51.000Z","80303","55if6jcw","abdomen","","32","checkpoints","","","[40,80,160]","200","25","32","6","cuda","","50","true","","","","","","16","1500","2","0.001","3","5","20","20","5","11feb2f","NVIDIA A100-SXM4-80GB","/workspace/data.h5","160","400","1","0","0.0001","","","","ctformer","1.615876","1","1","4","1","1","4","0.02","2","0.02","2","40","6442","10","1717","","8","403969","","","","","","","","","","","","","","","","","","","","","","","","","","","","","","","","","","","","","","64","","4","","","2","","","","","","2","1","similarity","1","4","64","2.3.1","403969","supervised","supervised","0.2","L033,L056,L064,L107,L134,L148,L178,L193,L209,L299","ctdenoiser-sweep","","","","48","2000","0.001","0.1743450308252228","0.025161074853986172","0.011259451431635035","0.006622849727059079","30.035500681393355","2.1568400973465605","0.032486801829794396","0.008327561167528176","0.87730835372095","0.04906202559296733","0.9998081938300164","0.9995195269708704","0.5098023353071189","0.9997695622793682","0.9998081938300164","0.9995195269708704","0.9997695622793682","5.02202570412738","4.6693344691633385","4.953314344033104","0.9426687152993116","1200","1200","1200","0.812669734969969","0.8162516792629102","0.8093845684335557","1.255506765668037","1.2744502878927804","1.2383287259956752","1.0291696066955578","1200","1200","1200","0.9620968156485584","0.9626464711273628","0.960049537559666","2.511013309666974","2.5204943953416765","2.4766573647754035","1.0177000788198445","1200","1200","1200","5.02202570412738","4.6693344691633385","0.03475187107380299","0.02320129409395606","4.953314344033104","0.9426687152993116","1200","1200","1200","200","0.01040884048105606","0.013690959554999917","0.08725575888698754","0.10763022853569552","50","0.0013191565503379303","","0.2655421077476106","0.015169585948273868","715.7469510239639","","0.00686776151730916","0.0030497780892405155","51.679232","","31.923904969932455","1.8884042885390997","1.2503713594316148","","0.025659909954616755","0.004144577848029958","","0.9070269451560709","-0.015411449054957949","0.01788535672406475"
"winter-sweep-33","","finished","-","","","2026-07-07T12:28:11.000Z","75134","55if6jcw","abdomen","","32","checkpoints","","","[40,80,160]","200","25","32","6","cuda","","50","true","","","","","","16","1500","2","0.001","3","5","20","20","5","11feb2f","NVIDIA A100-SXM4-80GB","/workspace/data.h5","160","400","1","0","0.0001","","","","ctformer","1.615876","1","1","4","1","1","4","0.02","2","0.02","2","40","6395","10","1764","","8","403969","","","","","","","","","","","","","","","","","","","","","","","","","","","","","","","","","","","","","","64","","4","","","1","","","","","","2","1","similarity","1","4","64","2.3.1","403969","n2sim","n2sim","0.2","L014,L049,L064,L081,L107,L131,L178,L266,L273,L277","ctdenoiser-sweep","","","","48","2000","0.001","0.1817106632748091","0.025930322133062955","0.015348401400281746","0.01255091615694689","29.271948412162107","2.730983950082522","0.03612447276187727","0.011609873771247331","0.8587089023825263","0.058741084661104115","0.9999458671538104","0.9996319631395164","0.5116661203924944","0.9999267037559536","0.9999458671538104","0.9996319631395164","0.9999267037559536","5.474815569530475","4.774070578706224","5.369446487055258","0.8891178243820149","1200","1200","1200","0.8334326779173298","0.8301981766653621","0.8287386585113559","1.3687031206103066","1.3505013848449534","1.3423609968807524","1.0060642315912909","1200","1200","1200","0.9735440282685178","0.9703916057165334","0.9711773363580511","2.7374067737019043","2.6680275513116727","2.684722424241604","0.9937815273641754","1200","1200","1200","5.474815569530475","4.774070578706224","0.041361215832055424","0.031781855157137974","5.369446487055258","0.8891178243820149","1200","1200","1200","200","0.010052106410924655","0.011120062474947196","0.0993255513364618","0.10838529380885036","50","0.0064754922783979455","","0.2341584078207308","0.011243614583944328","738.3559257023843","","0.011751719729081556","0.008022165224462384","52.236288","","30.18331860630961","0.9113701941475014","2.042521684981992","","0.032097890548082805","0.008272031789803874","","0.8686071222398827","0.009898219857356394","0.04837027928054985"
"eternal-sweep-32","","finished","-","","","2026-07-07T12:04:02.000Z","67537","55if6jcw","abdomen","","32","checkpoints","","","[40,80,160]","200","25","32","6","cuda","","50","true","","","","","","16","1500","2","0.001","3","5","20","20","5","11feb2f","NVIDIA A100-SXM4-80GB","/workspace/data.h5","160","400","1","0","0.0001","","","","ctformer","1.615876","1","1","4","1","1","4","0.02","2","0.02","2","40","6395","10","1764","","8","403969","","","","","","","","","","","","","","","","","","","","","","","","","","","","","","","","","","","","","","64","","4","","","1","","","","","","2","1","similarity","1","4","64","2.3.1","403969","n2v","n2v","0.2","L014,L049,L064,L081,L107,L131,L178,L266,L273,L277","ctdenoiser-sweep","","","","48","2000","0.001","0.1817106632748091","0.025930322133062955","0.015348401400281746","0.01255091615694689","29.271948412162107","2.730983950082522","0.03612447276187727","0.011609873771247331","0.8587089023825263","0.058741084661104115","0.9999458671538104","0.9996115253241852","0.5122854874380706","0.9999267037559536","0.9999458671538104","0.9996115253241852","0.9999267037559536","5.474815569530475","4.753000257821998","5.369446487055258","0.8851937102419405","1200","1200","1200","0.8334326779173298","0.8293336165880334","0.8287386585113559","1.3687031206103066","1.34567396187325","1.3423609968807524","1.0024680134480934","1200","1200","1200","0.9735440282685178","0.9699490284180914","0.9711773363580511","2.7374067737019043","2.6587851586340743","2.684722424241604","0.9903389395591402","1200","1200","1200","5.474815569530475","4.753000257821998","0.04355780484777563","0.031781855157137974","5.369446487055258","0.8851937102419405","1200","1200","1200","200","0.010481075266725386","0.011120062474947196","0.1031080475991422","0.10838529435071072","50","0.001220687091870465","","0.28287879891203643","0.012854332234811718","704.1683273615374","","0.014985973528341356","0.011036769806187305","51.803136","","29.10773075194586","-0.16421766021624862","2.177968253921611","","0.03621504631193351","0.009834568578897487","","0.8495691148669812","-0.02451982300162592","0.059779122386599895"
"neat-sweep-31","","finished","-","","","2026-07-07T10:35:39.000Z","71069","55if6jcw","abdomen","","32","checkpoints","","","[40,80,160]","200","25","32","6","cuda","","50","true","","","","","","16","1500","2","0.001","3","5","20","20","5","11feb2f","NVIDIA A100-SXM4-80GB","/workspace/data.h5","160","400","1","0","0.0001","","","","ctformer","1.615876","1","1","4","1","1","4","0.02","2","0.02","2","40","6395","10","1764","","8","403969","","","","","","","","","","","","","","","","","","","","","","","","","","","","","","","","","","","","","","64","","4","","","1","","","","","","2","1","similarity","1","4","64","2.3.1","403969","supervised","supervised","0.2","L014,L049,L064,L081,L107,L131,L178,L266,L273,L277","ctdenoiser-sweep","","","","48","2000","0.001","0.1817106632748091","0.025930322133062955","0.015348401400281746","0.01255091615694689","29.271948412162107","2.730983950082522","0.03612447276187727","0.011609873771247331","0.8587089023825263","0.058741084661104115","0.9999458671538104","0.9995589527527834","0.5114503306622866","0.9999267037559536","0.9999458671538104","0.9995589527527834","0.9999267037559536","5.474815569530475","4.703193508202728","5.369446487055258","0.8759177541933338","1200","1200","1200","0.8334326779173298","0.8309699948488121","0.8287386585113559","1.3687031206103066","1.3548243004264569","1.3423609968807524","1.0092846138815603","1200","1200","1200","0.9735440282685178","0.970350191894774","0.9711773363580511","2.7374067737019043","2.667157859006078","2.684722424241604","0.99345758612625","1200","1200","1200","5.474815569530475","4.703193508202728","0.04059593994236496","0.031781855157137974","5.369446487055258","0.8759177541933338","1200","1200","1200","200","0.008841258375080844","0.011120062474947196","0.09302800397981296","0.10838529418815264","50","0.0011772564967127226","","0.2077499181285602","0.01631259371768382","727.3641433891504","","0.008498004602681204","0.005161999313489527","52.236288","","31.31227259084481","2.0403241786827024","1.77388842768672","","0.027790770088818743","0.0061905222872165","","0.8897126681612733","-0.011602114489019044","0.03843631315413452"
"absurd-sweep-30","","finished","-","","","2026-07-07T08:11:06.000Z","46432","55if6jcw","abdomen","","32","checkpoints","","","[40,80,160]","200","25","32","6","cuda","","50","true","","","","","","16","1500","2","0.001","3","5","20","20","5","11feb2f","NVIDIA A100-SXM4-80GB","/workspace/data.h5","160","400","1","0","0.0001","","","","ctformer","1.615876","1","1","4","1","1","4","0.02","2","0.02","2","40","6683","10","1476","","8","403969","","","","","","","","","","","","","","","","","","","","","","","","","","","","","","","","","","","","","","64","","4","","","0","","","","","","2","1","similarity","1","4","64","2.3.1","403969","n2sim","n2sim","0.2","L004,L006,L057,L075,L081,L170,L175,L210,L237,L273","ctdenoiser-sweep","","","","48","2000","0.001","0.16579707945649055","0.02371023950991721","0.007906541896972624","0.003156594087970572","31.436725347668823","1.819202710753889","0.02736140823819571","0.005331033674202936","0.893201514957397","0.03449907267976729","0.9999999935354418","0.9999999176278054","0.508668211098663","0.9999999860405032","0.9999999935354418","0.9999999176278054","0.9999999860405032","8.042631204801383","7.403788994141168","7.854555880825419","0.9426107734767456","1200","1200","1200","0.9224505425745264","0.9187081063392136","0.9175078814661328","2.010657764656824","1.9748561610736632","1.963638355643936","1.0057127654883522","1200","1200","1200","0.9977689461044764","0.9971825296142822","0.9972568772977186","4.02131557264479","3.914968644399208","3.927277136420278","0.9968658967540324","1200","1200","1200","8.042631204801383","7.403788994141168","0.030730426493154966","0.029685928299450833","7.854555880825419","0.9426107734767456","1200","1200","1200","200","0.006101871410525447","0.006922582487362279","0.10830401954325763","0.11853174095804032","50","0.0010540230353875692","","0.2141421721960471","0.014337038358777688","597.3884693121659","","0.006474055188927587","0.002487341751352486","52.236288","","32.23986737837959","0.8031420307107702","1.485607956362487","","0.02478857676190675","0.00418252430401588","","0.9039994604623092","-0.003735030044708098","0.0279875557281758"
"smart-sweep-29","","finished","-","","","2026-07-07T06:48:34.000Z","49625","55if6jcw","abdomen","","32","checkpoints","","","[40,80,160]","200","25","32","6","cuda","","50","true","","","","","","16","1500","2","0.001","3","5","20","20","5","11feb2f","NVIDIA A100-PCIE-40GB","/workspace/data.h5","160","400","1","0","0.0001","","","","ctformer","1.615876","1","1","4","1","1","4","0.02","2","0.02","2","40","6683","10","1476","","8","403969","","","","","","","","","","","","","","","","","","","","","","","","","","","","","","","","","","","","","","64","","4","","","0","","","","","","2","1","similarity","1","4","64","2.3.1","403969","n2v","n2v","0.2","L004,L006,L057,L075,L081,L170,L175,L210,L237,L273","ctdenoiser-sweep","","","","48","2000","0.001","0.16579707945649055","0.02371023950991721","0.007906541896972624","0.003156594087970572","31.436725347668823","1.819202710753889","0.02736140823819571","0.005331033674202936","0.893201514957397","0.03449907267976729","0.9999999935354418","0.9999998983106791","0.5078306163937907","0.9999999860405032","0.9999999935354418","0.9999998983106791","0.9999999860405032","8.042631204801383","7.348568563592307","7.854555880825419","0.9355804039196752","1200","1200","1200","0.9224505425745264","0.9156704735288812","0.9175078814661328","2.010657764656824","1.9467007804965728","1.963638355643936","0.9913743917770392","1200","1200","1200","0.9977689461044764","0.9968413202246444","0.9972568772977186","4.02131557264479","3.861987552782851","3.927277136420278","0.9833753561642106","1200","1200","1200","8.042631204801383","7.348568563592307","0.02776059507126368","0.029685928299450833","7.854555880825419","0.9355804039196752","1200","1200","1200","200","0.006458033666470631","0.006922582487362279","0.12026272245428772","0.11853174079548225","50","0.0012078859194293483","","0.24100383106609025","0.01354521244928654","645.2366777949368","","0.00885954687149746","0.0029634449295722516","51.803136","","30.824660986096557","-0.6120643615722656","1.187240729474668","","0.029029208202631815","0.004011482294053775","","0.8785969728861398","-0.05772823353769985","0.026407481935518652"
"dulcet-sweep-28","","finished","-","","","2026-07-07T06:21:10.000Z","49065","55if6jcw","abdomen","","32","checkpoints","","","[40,80,160]","200","25","32","6","cuda","","50","true","","","","","","16","1500","2","0.001","3","5","20","20","5","11feb2f","NVIDIA A100 80GB PCIe","/workspace/data.h5","160","400","1","0","0.0001","","","","ctformer","1.615876","1","1","4","1","1","4","0.02","2","0.02","2","40","6683","10","1476","","8","403969","","","","","","","","","","","","","","","","","","","","","","","","","","","","","","","","","","","","","","64","","4","","","0","","","","","","2","1","similarity","1","4","64","2.3.1","403969","supervised","supervised","0.2","L004,L006,L057,L075,L081,L170,L175,L210,L237,L273","ctdenoiser-sweep","","","","48","2000","0.001","0.16579707945649055","0.02371023950991721","0.007906541896972624","0.003156594087970572","31.436725347668823","1.819202710753889","0.02736140823819571","0.005331033674202936","0.893201514957397","0.03449907267976729","0.9999999935354418","0.9999999342770174","0.512268691989951","0.9999999860405032","0.9999999935354418","0.9999999342770174","0.9999999860405032","8.042631204801383","7.462548275976606","7.854555880825419","0.9500916906319574","1200","1200","1200","0.9224505425745264","0.920886756297097","0.9175078814661328","2.010657764656824","1.9955422792786437","1.963638355643936","1.0162473520355764","1200","1200","1200","0.9977689461044764","0.9973553852971352","0.9972568772977186","4.02131557264479","3.9440577555300944","3.927277136420278","1.004272838031775","1200","1200","1200","8.042631204801383","7.462548275976606","0.043498238326054824","0.029685928299450833","7.854555880825419","0.9500916906319574","1200","1200","1200","200","0.005038988468950265","0.006922582487362279","0.12228306605057288","0.11853174063292408","50","0.001327425840653013","","0.2729385691445048","0.015543047486782246","624.248103483777","","0.005556383154570784","0.0016773760324137726","52.236288","","32.80581013490837","1.3690847872395473","0.9256102699262216","","0.023046677008392365","0.0025584760049535025","","0.9151577457260632","0.013034429047811937","0.01697554800661055"
"elated-sweep-27","","finished","-","","","2026-07-07T02:16:59.000Z","36665","55if6jcw","abdomen","","32","checkpoints","","","[40,80,160]","200","25","32","6","cuda","","50","true","","","","","","16","1500","2","0.001","3","5","20","20","5","11feb2f","NVIDIA A100-SXM4-80GB","/workspace/data.h5","160","400","1","0","0.0001","","","","unet","7.78522","1","1","4","1","1","4","0.02","2","0.02","2","40","6442","10","1717","","8","1946305","","","","","","","","","","","","","","","","","","","","","","","","","","","","","","","","","","","","","","64","","4","","","2","","","","","","2","1","similarity","1","4","64","2.3.1","1946305","n2sim","n2sim","0.2","L033,L056,L064,L107,L134,L148,L178,L193,L209,L299","ctdenoiser-sweep","","","","48","2000","0.001","0.1743450308252228","0.025161074853986172","0.011259451431635035","0.006622849727059079","30.035500681393355","2.1568400973465605","0.032486801829794396","0.008327561167528176","0.87730835372095","0.04906202559296733","0.9998081938300164","0.9994544201639792","0.5064602239811439","0.9997695622793682","0.9998081938300164","0.9994544201639792","0.9997695622793682","5.02202570412738","4.61868303982804","4.953314344033104","0.9324429501212316","1200","1200","1200","0.812669734969969","0.8130745144774589","0.8093845684335557","1.255506765668037","1.2576361700777328","1.2383287259956752","1.0155915337153578","1200","1200","1200","0.9620968156485584","0.9606877755071352","0.960049537559666","2.511013309666974","2.487210916504136","2.4766573647754035","1.0042612078193909","1200","1200","1200","5.02202570412738","4.61868303982804","0.02290189870483502","0.02320129409395606","4.953314344033104","0.9324429501212316","1200","1200","1200","200","0.011831093121145397","0.013690959554999917","0.09553447016260838","0.10763022926720708","50","0.0007052284211310095","","0.18122754039879657","0.01373099413271429","400.8506643067857","","0.007369213117501901","0.005220704109622338","174.057472","","31.905969208732344","1.8704685273389892","2.1756044984415737","","0.02620735668008263","0.0070745031062208015","","0.9011467031496656","0.023838349428715655","0.042578800083131474"
"generous-sweep-26","","finished","-","","","2026-07-07T01:38:15.000Z","44551","55if6jcw","abdomen","","32","checkpoints","","","[40,80,160]","200","25","32","6","cuda","","50","true","","","","","","16","1500","2","0.001","3","5","20","20","5","11feb2f","NVIDIA A100-SXM4-80GB","/workspace/data.h5","160","400","1","0","0.0001","","","","unet","7.78522","1","1","4","1","1","4","0.02","2","0.02","2","40","6442","10","1717","","8","1946305","","","","","","","","","","","","","","","","","","","","","","","","","","","","","","","","","","","","","","64","","4","","","2","","","","","","2","1","similarity","1","4","64","2.3.1","1946305","n2v","n2v","0.2","L033,L056,L064,L107,L134,L148,L178,L193,L209,L299","ctdenoiser-sweep","","","","48","2000","0.001","0.1743450308252228","0.025161074853986172","0.011259451431635035","0.006622849727059079","30.035500681393355","2.1568400973465605","0.032486801829794396","0.008327561167528176","0.87730835372095","0.04906202559296733","0.9998081938300164","0.9994720036587526","0.508030771965988","0.9997695622793682","0.9998081938300164","0.9994720036587526","0.9997695622793682","5.02202570412738","4.631786575349746","4.953314344033104","0.9350883577436028","1200","1200","1200","0.812669734969969","0.8119985459833312","0.8093845684335557","1.255506765668037","1.2519821322629987","1.2383287259956752","1.0110256719243476","1200","1200","1200","0.9620968156485584","0.9604831731457484","0.960049537559666","2.511013309666974","2.4838126449365197","2.4766573647754035","1.002889087631936","1200","1200","1200","5.02202570412738","4.631786575349746","0.028470268339479084","0.02320129409395606","4.953314344033104","0.9350883577436028","1200","1200","1200","200","0.01264056375754687","0.013690959554999917","0.10221894909035076","0.10763022896918382","50","0.0005513727630431324","","0.19676094043546452","0.010787651235112095","404.18857213025115","","0.010211425607082372","0.0058743557271507835","172.783104","","30.36387991641383","0.32837923502047417","1.956524454723234","","0.031069877220618217","0.0074466444079119","","0.8842742229591085","0.006796536781653151","0.04653451189957143"
"golden-sweep-25","","finished","-","","","2026-07-07T00:29:38.000Z","36356","55if6jcw","abdomen","","32","checkpoints","","","[40,80,160]","200","25","32","6","cuda","","50","true","","","","","","16","1500","2","0.001","3","5","20","20","5","11feb2f","NVIDIA A100-SXM4-80GB","/workspace/data.h5","160","400","1","0","0.0001","","","","unet","7.78522","1","1","4","1","1","4","0.02","2","0.02","2","40","6442","10","1717","","8","1946305","","","","","","","","","","","","","","","","","","","","","","","","","","","","","","","","","","","","","","64","","4","","","2","","","","","","2","1","similarity","1","4","64","2.3.1","1946305","supervised","supervised","0.2","L033,L056,L064,L107,L134,L148,L178,L193,L209,L299","ctdenoiser-sweep","","","","48","2000","0.001","0.1743450308252228","0.025161074853986172","0.011259451431635035","0.006622849727059079","30.035500681393355","2.1568400973465605","0.032486801829794396","0.008327561167528176","0.87730835372095","0.04906202559296733","0.9998081938300164","0.9995810296710854","0.5064284512502455","0.9997695622793682","0.9998081938300164","0.9995810296710854","0.9997695622793682","5.02202570412738","4.723399816946999","4.953314344033104","0.9535836994954568","1200","1200","1200","0.812669734969969","0.8173374961662752","0.8093845684335557","1.255506765668037","1.2802380568807896","1.2383287259956752","1.0338434617604606","1200","1200","1200","0.9620968156485584","0.9643316789935314","0.960049537559666","2.511013309666974","2.5502915974529445","2.4766573647754035","1.0297312957879494","1200","1200","1200","5.02202570412738","4.723399816946999","0.0227892526092231","0.02320129409395606","4.953314344033104","0.9535836994954568","1200","1200","1200","200","0.010317108898258692","0.013690959554999917","0.08627571260387247","0.10763022929430008","50","0.0006429206342864302","","0.17732344207613707","0.017004063459525574","398.6638283539275","","0.004189697624673448","0.002132861672135912","172.94336","","34.1735414183966","4.138040737003248","1.7245675500180917","","0.019955856636075447","0.00417168118536605","","0.9266270088399644","0.048471030483567934","0.029796065529364823"
"cool-sweep-24","","finished","-","","","2026-07-06T23:39:49.000Z","44647","55if6jcw","abdomen","","32","checkpoints","","","[40,80,160]","200","25","32","6","cuda","","50","true","","","","","","16","1500","2","0.001","3","5","20","20","5","11feb2f","NVIDIA A100-SXM4-80GB","/workspace/data.h5","160","400","1","0","0.0001","","","","unet","7.78522","1","1","4","1","1","4","0.02","2","0.02","2","40","6395","10","1764","","8","1946305","","","","","","","","","","","","","","","","","","","","","","","","","","","","","","","","","","","","","","64","","4","","","1","","","","","","2","1","similarity","1","4","64","2.3.1","1946305","n2sim","n2sim","0.2","L014,L049,L064,L081,L107,L131,L178,L266,L273,L277","ctdenoiser-sweep","","","","48","2000","0.001","0.1817106632748091","0.025930322133062955","0.015348401400281746","0.01255091615694689","29.271948412162107","2.730983950082522","0.03612447276187727","0.011609873771247331","0.8587089023825263","0.058741084661104115","0.9999458671538104","0.9996012226674348","0.509661233466403","0.9999267037559536","0.9999458671538104","0.9996012226674348","0.9999267037559536","5.474815569530475","4.742766059860219","5.369446487055258","0.8832877041039797","1200","1200","1200","0.8334326779173298","0.8302769104736554","0.8287386585113559","1.3687031206103066","1.3509417908205787","1.3423609968807524","1.006392314705035","1200","1200","1200","0.9735440282685178","0.9701592096250372","0.9711773363580511","2.7374067737019043","2.663160216697889","2.684722424241604","0.9919685523728562","1200","1200","1200","5.474815569530475","4.742766059860219","0.03425152919380047","0.031781855157137974","5.369446487055258","0.8832877041039797","1200","1200","1200","200","0.009864723046290842","0.011120062474947196","0.09674918291243643","0.10838529399850153","50","0.0006524877993723463","","0.1799427513751178","0.016011937643905055","404.32207958372584","","0.009844821546284289","0.008259129029932064","173.43488","","31.158314566493303","1.8863661543311991","2.6607749363056192","","0.029005425538690316","0.009362732808650517","","0.8853543546059235","0.0255677326331063","0.050562563566621976"
"true-sweep-23","","finished","-","","","2026-07-06T22:45:06.000Z","27359","55if6jcw","abdomen","","32","checkpoints","","","[40,80,160]","200","25","32","6","cuda","","50","true","","","","","","16","1500","2","0.001","3","5","20","20","5","11feb2f","NVIDIA A100 80GB PCIe","/workspace/data.h5","160","400","1","0","0.0001","","","","unet","7.78522","1","1","4","1","1","4","0.02","2","0.02","2","40","6395","10","1764","","8","1946305","","","","","","","","","","","","","","","","","","","","","","","","","","","","","","","","","","","","","","64","","4","","","1","","","","","","2","1","similarity","1","4","64","2.3.1","1946305","n2v","n2v","0.2","L014,L049,L064,L081,L107,L131,L178,L266,L273,L277","ctdenoiser-sweep","","","","48","2000","0.001","0.1817106632748091","0.025930322133062955","0.015348401400281746","0.01255091615694689","29.271948412162107","2.730983950082522","0.03612447276187727","0.011609873771247331","0.8587089023825263","0.058741084661104115","0.9999458671538104","0.9995334225141844","0.5125607536650237","0.9999267037559536","0.9999458671538104","0.9995334225141844","0.9999267037559536","5.474815569530475","4.6809640530540735","5.369446487055258","0.8717777641213134","1200","1200","1200","0.8334326779173298","0.8269201026685651","0.8287386585113559","1.3687031206103066","1.3322799054074612","1.3423609968807524","0.9924900295101566","1200","1200","1200","0.9735440282685178","0.96843933403124","0.9711773363580511","2.7374067737019043","2.6280838016956114","2.684722424241604","0.978903359976966","1200","1200","1200","5.474815569530475","4.6809640530540735","0.04453407162058786","0.031781855157137974","5.369446487055258","0.8717777641213134","1200","1200","1200","200","0.010838734975162276","0.011120062474947196","0.10459493423050097","0.10838529372757127","50","0.0004804881002021804","","0.20553741647171325","0.01467895359679189","284.4972867036107","","0.01347911389425287","0.011327387459941718","173.001728","","29.567584904954007","0.29563649279189974","2.501858626549527","","0.034603353147342156","0.010606042341473486","","0.8641678946020922","-0.004847602644204585","0.061125442356869585"
"playful-sweep-22","","finished","-","","","2026-07-06T22:36:11.000Z","29538","55if6jcw","abdomen","","32","checkpoints","","","[40,80,160]","200","25","32","6","cuda","","50","true","","","","","","16","1500","2","0.001","3","5","20","20","5","11feb2f","NVIDIA A100-PCIE-40GB","/workspace/data.h5","160","400","1","0","0.0001","","","","unet","7.78522","1","1","4","1","1","4","0.02","2","0.02","2","40","6395","10","1764","","8","1946305","","","","","","","","","","","","","","","","","","","","","","","","","","","","","","","","","","","","","","64","","4","","","1","","","","","","2","1","similarity","1","4","64","2.3.1","1946305","supervised","supervised","0.2","L014,L049,L064,L081,L107,L131,L178,L266,L273,L277","ctdenoiser-sweep","","","","48","2000","0.001","0.1817106632748091","0.025930322133062955","0.015348401400281746","0.01255091615694689","29.271948412162107","2.730983950082522","0.03612447276187727","0.011609873771247331","0.8587089023825263","0.058741084661104115","0.9999458671538104","0.9996338273526982","0.5065077160631991","0.9999267037559536","0.9999458671538104","0.9996338273526982","0.9999267037559536","5.474815569530475","4.776046215454042","5.369446487055258","0.8894857648676089","1200","1200","1200","0.8334326779173298","0.8353469015004775","0.8287386585113559","1.3687031206103066","1.3795827432983705","1.3423609968807524","1.0277285666851987","1200","1200","1200","0.9735440282685178","0.972124134545204","0.9711773363580511","2.7374067737019043","2.705349910398011","2.684722424241604","1.0076832844878685","1200","1200","1200","5.474815569530475","4.776046215454042","0.023070275991882723","0.031781855157137974","5.369446487055258","0.8894857648676089","1200","1200","1200","200","0.008488441539060058","0.011120062474947196","0.08336243857036939","0.10838529342954809","50","0.0007100115861598784","","0.2014149016449376","0.017626393565164454","325.83871424776794","","0.005633984868469608","0.004392684391272779","173.43488","","33.423276317362884","4.151327905200777","2.2600576160440564","","0.02213906113938967","0.006330388907938417","","0.9109091450905854","0.05220024270805912","0.04412436927383616"
"sweet-sweep-21","","finished","-","","","2026-07-06T21:46:24.000Z","37475","55if6jcw","abdomen","","32","checkpoints","","","[40,80,160]","200","25","32","6","cuda","","50","true","","","","","","16","1500","2","0.001","3","5","20","20","5","11feb2f","NVIDIA A100-SXM4-80GB","/workspace/data.h5","160","400","1","0","0.0001","","","","unet","7.78522","1","1","4","1","1","4","0.02","2","0.02","2","40","6683","10","1476","","8","1946305","","","","","","","","","","","","","","","","","","","","","","","","","","","","","","","","","","","","","","64","","4","","","0","","","","","","2","1","similarity","1","4","64","2.3.1","1946305","n2sim","n2sim","0.2","L004,L006,L057,L075,L081,L170,L175,L210,L237,L273","ctdenoiser-sweep","","","","48","2000","0.001","0.16579707945649055","0.02371023950991721","0.007906541896972624","0.003156594087970572","31.436725347668823","1.819202710753889","0.02736140823819571","0.005331033674202936","0.893201514957397","0.03449907267976729","0.9999999935354418","0.9999999373800064","0.5089263487870888","0.9999999860405032","0.9999999935354418","0.9999999373800064","0.9999999860405032","8.042631204801383","7.475077591010138","7.854555880825419","0.951686855937754","1200","1200","1200","0.9224505425745264","0.918566276007726","0.9175078814661328","2.010657764656824","1.9735240766379287","1.963638355643936","1.005034389843516","1200","1200","1200","0.9977689461044764","0.9972359355185962","0.9972568772977186","4.02131557264479","3.923779998369517","3.927277136420278","0.9991095260331058","1200","1200","1200","8.042631204801383","7.475077591010138","0.0316457233382854","0.029685928299450833","7.854555880825419","0.951686855937754","1200","1200","1200","200","0.005988561599248595","0.006922582487362279","0.10618338425051088","0.11853174071420318","50","0.0007064365177644135","","0.16147886389275876","0.01699005575894079","385.2196998747828","","0.005303822141197487","0.002473395184313434","173.43488","","33.18110225646476","1.7443769087959389","1.7488014714118227","","0.02235193173451536","0.004408113970075422","","0.916015601820416","0.022679041677374223","0.02858299425659738"
"dulcet-sweep-20","","finished","-","","","2026-07-06T13:19:33.000Z","37202","55if6jcw","abdomen","","32","checkpoints","","","[40,80,160]","200","25","32","6","cuda","","50","true","","","","","","16","1500","2","0.001","3","5","20","20","5","11feb2f","NVIDIA A100-SXM4-80GB","/workspace/data.h5","160","400","1","0","0.0001","","","","unet","7.78522","1","1","4","1","1","4","0.02","2","0.02","2","40","6683","10","1476","","8","1946305","","","","","","","","","","","","","","","","","","","","","","","","","","","","","","","","","","","","","","64","","4","","","0","","","","","","2","1","similarity","1","4","64","2.3.1","1946305","n2v","n2v","0.2","L004,L006,L057,L075,L081,L170,L175,L210,L237,L273","ctdenoiser-sweep","","","","48","2000","0.001","0.16579707945649055","0.02371023950991721","0.007906541896972624","0.003156594087970572","31.436725347668823","1.819202710753889","0.02736140823819571","0.005331033674202936","0.893201514957397","0.03449907267976729","0.9999999935354418","0.999999927187914","0.5090693036901526","0.9999999860405032","0.9999999935354418","0.999999927187914","0.9999999860405032","8.042631204801383","7.435946249595122","7.854555880825419","0.9467048630652424","1200","1200","1200","0.9224505425745264","0.9178298082042142","0.9175078814661328","2.010657764656824","1.966635084314528","1.963638355643936","1.0015261102748267","1200","1200","1200","0.9977689461044764","0.997157321049577","0.9972568772977186","4.02131557264479","3.91086176012479","3.927277136420278","0.9958201635063496","1200","1200","1200","8.042631204801383","7.435946249595122","0.03215261420906346","0.029685928299450833","7.854555880825419","0.9467048630652424","1200","1200","1200","200","0.006575666163771528","0.006922582487362279","0.11471620662645848","0.11853173990141254","50","0.0005843372639067545","","0.19305256791513783","0.012655088491556572","431.7621636200636","","0.007384199368783846","0.002891076422174752","173.001216","","31.689111196574803","0.2523858489059805","1.573515795133234","","0.0264611931607319","0.004695039360019337","","0.9005623037414499","0.00439858598114673","0.03290063524318212"
"ruby-sweep-19","","finished","-","","","2026-07-06T13:19:21.000Z","30417","55if6jcw","abdomen","","32","checkpoints","","","[40,80,160]","200","25","32","6","cuda","","50","true","","","","","","16","1500","2","0.001","3","5","20","20","5","11feb2f","NVIDIA A100-SXM4-80GB","/workspace/data.h5","160","400","1","0","0.0001","","","","unet","7.78522","1","1","4","1","1","4","0.02","2","0.02","2","40","6683","10","1476","","8","1946305","","","","","","","","","","","","","","","","","","","","","","","","","","","","","","","","","","","","","","64","","4","","","0","","","","","","2","1","similarity","1","4","64","2.3.1","1946305","supervised","supervised","0.2","L004,L006,L057,L075,L081,L170,L175,L210,L237,L273","ctdenoiser-sweep","","","","48","2000","0.001","0.16579707945649055","0.02371023950991721","0.007906541896972624","0.003156594087970572","31.436725347668823","1.819202710753889","0.02736140823819571","0.005331033674202936","0.893201514957397","0.03449907267976729","0.9999999935354418","0.9999999603030364","0.5061150247284332","0.9999999860405032","0.9999999935354418","0.9999999603030364","0.9999999860405032","8.042631204801383","7.592206357245327","7.854555880825419","0.9665990633257138","1200","1200","1200","0.9224505425745264","0.9221612743533292","0.9175078814661328","2.010657764656824","2.007844393371483","1.963638355643936","1.0225123111903416","1200","1200","1200","0.9977689461044764","0.9975094784623564","0.9972568772977186","4.02131557264479","3.971475387274232","3.927277136420278","1.0112541716101655","1200","1200","1200","8.042631204801383","7.592206357245327","0.021678047171022088","0.029685928299450833","7.854555880825419","0.9665990633257138","1200","1200","1200","200","0.004954118052889195","0.006922582487362279","0.09155404581265014","0.11853174060583108","50","0.000689972162766645","","0.1851411689587725","0.01854305685221856","310.43276273384237","","0.003252328689848035","0.0011586315722278775","173.43488","","35.19765990213327","3.760934554464445","1.4264380967874264","","0.017619444940713685","0.0028131979819461333","","0.9380335626886466","0.0448320477312496","0.01940867607949731"
"upbeat-sweep-18","","finished","-","","","2026-07-06T13:19:20.000Z","33941","55if6jcw","abdomen","","32","checkpoints","","","[40,80,160]","200","25","32","6","cuda","","50","true","","","","","","16","1500","2","0.001","3","5","20","20","5","11feb2f","NVIDIA A100 80GB PCIe","/workspace/data.h5","160","400","1","0","0.0001","","","","dncnn","2.224388","1","1","4","1","1","4","0.02","2","0.02","2","40","6442","10","1717","","8","556097","","","","","","","","","","","","","","","","","","","","","","","","","","","","","","","","","","","","","","64","","4","","","2","","","","","","2","1","similarity","1","4","64","2.3.1","556097","n2sim","n2sim","0.2","L033,L056,L064,L107,L134,L148,L178,L193,L209,L299","ctdenoiser-sweep","","","","48","2000","0.001","0.1743450308252228","0.025161074853986172","0.011259451431635035","0.006622849727059079","30.035500681393355","2.1568400973465605","0.032486801829794396","0.008327561167528176","0.87730835372095","0.04906202559296733","0.9998081938300164","0.999471797593044","0.5067280169789982","0.9997695622793682","0.9998081938300164","0.999471797593044","0.9997695622793682","5.02202570412738","4.631630688075763","4.953314344033104","0.9350568864370884","1200","1200","1200","0.812669734969969","0.8123881451037703","0.8093845684335557","1.255506765668037","1.254027096534769","1.2383287259956752","1.0126770624064072","1200","1200","1200","0.9620968156485584","0.960589454150508","0.960049537559666","2.511013309666974","2.485576090866352","2.4766573647754035","1.0036011142347732","1200","1200","1200","5.02202570412738","4.631630688075763","0.02385132988236989","0.02320129409395606","4.953314344033104","0.9350568864370884","1200","1200","1200","200","0.012013795081584256","0.013690959554999917","0.09692912177606064","0.10763022899627687","50","0.0006385526152672313","","0.18836485014346427","0.010685901943594492","373.8184984668712","","0.007675162450698989","0.005499567275938259","25.013248","","31.74015643698015","1.7046557555867992","2.1236161734720227","","0.02672221609941821","0.0071651173574895505","","0.8979409665442096","0.01791911931946033","0.04230435283832642"
"stellar-sweep-17","","finished","-","","","2026-07-06T13:19:19.000Z","33404","55if6jcw","abdomen","","32","checkpoints","","","[40,80,160]","200","25","32","6","cuda","","50","true","","","","","","16","1500","2","0.001","3","5","20","20","5","11feb2f","NVIDIA A100-PCIE-40GB","/workspace/data.h5","160","400","1","0","0.0001","","","","dncnn","2.224388","1","1","4","1","1","4","0.02","2","0.02","2","40","6442","10","1717","","8","556097","","","","","","","","","","","","","","","","","","","","","","","","","","","","","","","","","","","","","","64","","4","","","2","","","","","","2","1","similarity","1","4","64","2.3.1","556097","n2v","n2v","0.2","L033,L056,L064,L107,L134,L148,L178,L193,L209,L299","ctdenoiser-sweep","","","","48","2000","0.001","0.1743450308252228","0.025161074853986172","0.011259451431635035","0.006622849727059079","30.035500681393355","2.1568400973465605","0.032486801829794396","0.008327561167528176","0.87730835372095","0.04906202559296733","0.9998081938300164","0.9994558390939998","0.5083585998569465","0.9997695622793682","0.9998081938300164","0.9994558390939998","0.9997695622793682","5.02202570412738","4.619725853106033","4.953314344033104","0.9326534785079972","1200","1200","1200","0.812669734969969","0.810843756183544","0.8093845684335557","1.255506765668037","1.245936081215375","1.2383287259956752","1.0061432437607252","1200","1200","1200","0.9620968156485584","0.9597351996936112","0.960049537559666","2.511013309666974","2.471509939718779","2.4766573647754035","0.997921624068862","1200","1200","1200","5.02202570412738","4.619725853106033","0.02963263321698251","0.02320129409395606","4.953314344033104","0.9326534785079972","1200","1200","1200","200","0.013362043800104108","0.013690959554999917","0.1080053473873572","0.10763022877953274","50","0.00043019543876485466","","0.21776205935690665","0.009583578062536404","380.40874627824","","0.011270600783431997","0.0064793848404838435","24.852992","","29.991372966599727","-0.044127714793628314","2.031850167976427","","0.03256483704619756","0.008024091341678655","","0.8763484443143557","-0.003541402505731317","0.046041949082704176"
"light-sweep-14","","finished","-","","","2026-07-06T13:19:03.000Z","40227","55if6jcw","abdomen","","32","checkpoints","","","[40,80,160]","200","25","32","6","cuda","","50","true","","","","","","16","1500","2","0.001","3","5","20","20","5","11feb2f","NVIDIA A100-SXM4-80GB","/workspace/data.h5","160","400","1","0","0.0001","","","","dncnn","2.224388","1","1","4","1","1","4","0.02","2","0.02","2","40","6395","10","1764","","8","556097","","","","","","","","","","","","","","","","","","","","","","","","","","","","","","","","","","","","","","64","","4","","","1","","","","","","2","1","similarity","1","4","64","2.3.1","556097","n2v","n2v","0.2","L014,L049,L064,L081,L107,L131,L178,L266,L273,L277","ctdenoiser-sweep","","","","48","2000","0.001","0.1817106632748091","0.025930322133062955","0.015348401400281746","0.01255091615694689","29.271948412162107","2.730983950082522","0.03612447276187727","0.011609873771247331","0.8587089023825263","0.058741084661104115","0.9999458671538104","0.9996219472736224","0.5088572179899992","0.9999267037559536","0.9999458671538104","0.9996219472736224","0.9999267037559536","5.474815569530475","4.7636125900246125","5.369446487055258","0.8871701396985333","1200","1200","1200","0.8334326779173298","0.8292949981599322","0.8287386585113559","1.3687031206103066","1.3454586949236276","1.3423609968807524","1.002307649022933","1200","1200","1200","0.9735440282685178","0.9699283102881529","0.9711773363580511","2.7374067737019043","2.6583552725852013","2.684722424241604","0.9901788164696947","1200","1200","1200","5.474815569530475","4.7636125900246125","0.03140060015518417","0.031781855157137974","5.369446487055258","0.8871701396985333","1200","1200","1200","200","0.011022828274435596","0.011120062474947196","0.10898054288192224","0.10838529391722244","50","0.0003671452930077701","","0.2283298755381383","0.014417296542469395","421.8263672308388","","0.01538944181801631","0.01296634409862672","25.137152","","29.237700852677396","-0.03424755948471159","2.684593512163284","","0.036198537587135385","0.011655649053787206","","0.8554516292077884","-0.005606450191160461","0.06298870716218154"
"sage-sweep-16","","finished","-","","","2026-07-06T13:19:03.000Z","44343","55if6jcw","abdomen","","32","checkpoints","","","[40,80,160]","200","25","32","6","cuda","","50","true","","","","","","16","1500","2","0.001","3","5","20","20","5","11feb2f","NVIDIA A100-SXM4-80GB","/workspace/data.h5","160","400","1","0","0.0001","","","","dncnn","2.224388","1","1","4","1","1","4","0.02","2","0.02","2","40","6442","10","1717","","8","556097","","","","","","","","","","","","","","","","","","","","","","","","","","","","","","","","","","","","","","64","","4","","","2","","","","","","2","1","similarity","1","4","64","2.3.1","556097","supervised","supervised","0.2","L033,L056,L064,L107,L134,L148,L178,L193,L209,L299","ctdenoiser-sweep","","","","48","2000","0.001","0.1743450308252228","0.025161074853986172","0.011259451431635035","0.006622849727059079","30.035500681393355","2.1568400973465605","0.032486801829794396","0.008327561167528176","0.87730835372095","0.04906202559296733","0.9998081938300164","0.9995898375578214","0.5076389723203502","0.9997695622793682","0.9998081938300164","0.9995898375578214","0.9997695622793682","5.02202570412738","4.731738179027827","4.953314344033104","0.955267089949138","1200","1200","1200","0.812669734969969","0.810768207767476","0.8093845684335557","1.255506765668037","1.2455413314422228","1.2383287259956752","1.005824467522344","1200","1200","1200","0.9620968156485584","0.9627824688077448","0.960049537559666","2.511013309666974","2.5228578089342424","2.4766573647754035","1.018654354379387","1200","1200","1200","5.02202570412738","4.731738179027827","0.027081106797460848","0.02320129409395606","4.953314344033104","0.955267089949138","1200","1200","1200","200","0.010255539586942176","0.013690959554999917","0.08682629352266137","0.10763022905046288","50","0.0006883503809251477","","0.207592026362533","0.009847913617354102","450.5827872854987","","0.0043103784396235564","0.002334349034309281","25.013248","","34.06352007382126","4.028019392427904","1.7795179844025273","","0.020225353768973","0.004473796910389152","","0.9254886521179452","0.046149743804420607","0.02713084012556162"
"zesty-sweep-15","","finished","-","","","2026-07-06T13:19:03.000Z","46671","55if6jcw","abdomen","","32","checkpoints","","","[40,80,160]","200","25","32","6","cuda","","50","true","","","","","","16","1500","2","0.001","3","5","20","20","5","11feb2f","NVIDIA A100-SXM4-80GB","/workspace/data.h5","160","400","1","0","0.0001","","","","dncnn","2.224388","1","1","4","1","1","4","0.02","2","0.02","2","40","6395","10","1764","","8","556097","","","","","","","","","","","","","","","","","","","","","","","","","","","","","","","","","","","","","","64","","4","","","1","","","","","","2","1","similarity","1","4","64","2.3.1","556097","n2sim","n2sim","0.2","L014,L049,L064,L081,L107,L131,L178,L266,L273,L277","ctdenoiser-sweep","","","","48","2000","0.001","0.1817106632748091","0.025930322133062955","0.015348401400281746","0.01255091615694689","29.271948412162107","2.730983950082522","0.03612447276187727","0.011609873771247331","0.8587089023825263","0.058741084661104115","0.9999458671538104","0.9996109259410222","0.5100657572373655","0.9999267037559536","0.9999458671538104","0.9996109259410222","0.9999267037559536","5.474815569530475","4.752397994310024","5.369446487055258","0.8850815453263527","1200","1200","1200","0.8334326779173298","0.8302437263238303","0.8287386585113559","1.3687031206103066","1.3507561557597714","1.3423609968807524","1.0062540247359144","1200","1200","1200","0.9735440282685178","0.9703331376762944","0.9711773363580511","2.7374067737019043","2.666800012597162","2.684722424241604","0.993324296216766","1200","1200","1200","5.474815569530475","4.752397994310024","0.035685967131928446","0.031781855157137974","5.369446487055258","0.8850815453263527","1200","1200","1200","200","0.009877431128891962","0.011120062474947196","0.0970621701804074","0.10838529429652471","50","0.0005751447213185256","","0.19186794354058717","0.016029509237415203","458.640086168002","","0.010166047104856616","0.008690816408599299","25.570304","","31.03652305019145","1.7645746380293446","2.499021142711039","","0.02942974058501507","0.009346404770667128","","0.8828342783342954","0.024125375951769112","0.05155991123335953"
"upbeat-sweep-13","","finished","-","","","2026-07-05T23:55:42.000Z","34046","55if6jcw","abdomen","","32","checkpoints","","","[40,80,160]","200","25","32","6","cuda","","50","true","","","","","","16","1500","2","0.001","3","5","20","20","5","bd4c0b1","NVIDIA A100-PCIE-40GB","/workspace/data.h5","160","400","1","0","0.0001","","","","dncnn","2.224388","1","1","4","1","1","4","0.02","2","0.02","2","40","6395","10","1764","","8","556097","","","","","","","","","","","","","","","","","","","","","","","","","","","","","","","","","","","","","","64","","4","","","1","","","","","","2","1","similarity","1","4","64","2.3.1","556097","supervised","supervised","0.2","L014,L049,L064,L081,L107,L131,L178,L266,L273,L277","ctdenoiser-sweep","","","","48","2000","0.001","0.1817106632748091","0.025930322133062955","0.015348401400281746","0.01255091615694689","29.271948412162107","2.730983950082522","0.03612447276187727","0.011609873771247331","0.8587089023825263","0.058741084661104115","0.9999458671538104","0.9996730942086104","0.505443237241257","0.9999267037559536","0.9999458671538104","0.9996730942086104","0.9999267037559536","5.474815569530475","4.819992229859826","5.369446487055258","0.8976702238265966","1200","1200","1200","0.8334326779173298","0.8345740598501226","0.8287386585113559","1.3687031206103066","1.3751804480286918","1.3423609968807524","1.0244490500127774","1200","1200","1200","0.9735440282685178","0.972525951030295","0.9711773363580511","2.7374067737019043","2.714280860113667","2.684722424241604","1.011009866645865","1200","1200","1200","5.474815569530475","4.819992229859826","0.01929637235292732","0.031781855157137974","5.369446487055258","0.8976702238265966","1200","1200","1200","200","0.008547071971394565","0.011120062474947196","0.08349397141825068","0.10838529334826902","50","0.0006478217106470525","","0.20592612006158784","0.012014071017787752","375.0875806895268","","0.005635971700521334","0.004380512393050914","25.570304","","33.415531878568686","4.143583466406579","2.296121607152597","","0.022154782507505244","0.006332131128639722","","0.909983510130387","0.04584588637562837","0.04282850451191143"
"hopeful-sweep-12","","finished","-","","","2026-07-05T23:34:27.000Z","44533","55if6jcw","abdomen","","32","checkpoints","","","[40,80,160]","200","25","32","6","cuda","","50","true","","","","","","16","1500","2","0.001","3","5","20","20","5","bd4c0b1","NVIDIA A100-SXM4-80GB","/workspace/data.h5","160","400","1","0","0.0001","","","","dncnn","2.224388","1","1","4","1","1","4","0.02","2","0.02","2","40","6683","10","1476","","8","556097","","","","","","","","","","","","","","","","","","","","","","","","","","","","","","","","","","","","","","64","","4","","","0","","","","","","2","1","similarity","1","4","64","2.3.1","556097","n2sim","n2sim","0.2","L004,L006,L057,L075,L081,L170,L175,L210,L237,L273","ctdenoiser-sweep","","","","48","2000","0.001","0.16579707945649055","0.02371023950991721","0.007906541896972624","0.003156594087970572","31.436725347668823","1.819202710753889","0.02736140823819571","0.005331033674202936","0.893201514957397","0.03449907267976729","0.9999999935354418","0.9999999245655506","0.5071002047836499","0.9999999860405032","0.9999999935354418","0.9999999245655506","0.9999999860405032","8.042631204801383","7.4267367132281485","7.854555880825419","0.9455323542045624","1200","1200","1200","0.9224505425745264","0.9182929018582308","0.9175078814661328","2.010657764656824","1.9709614482096087","1.963638355643936","1.00372934891225","1200","1200","1200","0.9977689461044764","0.997176461870244","0.9972568772977186","4.02131557264479","3.91397709048498","3.927277136420278","0.9966134180315522","1200","1200","1200","8.042631204801383","7.4267367132281485","0.025170899528190772","0.029685928299450833","7.854555880825419","0.9455323542045624","1200","1200","1200","200","0.006138748507267636","0.006922582487362279","0.10730502941391676","0.11853174000978464","50","0.0006316267935279464","","0.1803740358792831","0.007834201680591521","452.1880849260776","","0.005538633562685028","0.0027982129134363973","25.570304","","33.02351658131049","1.586791233641666","1.7085878715447362","","0.022784381166610333","0.004596241795499398","","0.912751341738352","0.01954982678095496","0.02862360493442487"
"honest-sweep-11","","finished","-","","","2026-07-05T23:01:06.000Z","27873","55if6jcw","abdomen","","32","checkpoints","","","[40,80,160]","200","25","32","6","cuda","","50","true","","","","","","16","1500","2","0.001","3","5","20","20","5","bd4c0b1","NVIDIA A100 80GB PCIe","/workspace/data.h5","160","400","1","0","0.0001","","","","dncnn","2.224388","1","1","4","1","1","4","0.02","2","0.02","2","40","6683","10","1476","","8","556097","","","","","","","","","","","","","","","","","","","","","","","","","","","","","","","","","","","","","","64","","4","","","0","","","","","","2","1","similarity","1","4","64","2.3.1","556097","n2v","n2v","0.2","L004,L006,L057,L075,L081,L170,L175,L210,L237,L273","ctdenoiser-sweep","","","","48","2000","0.001","0.16579707945649055","0.02371023950991721","0.007906541896972624","0.003156594087970572","31.436725347668823","1.819202710753889","0.02736140823819571","0.005331033674202936","0.893201514957397","0.03449907267976729","0.9999999935354418","0.9999999184895654","0.5085041548807956","0.9999999860405032","0.9999999935354418","0.9999999184895654","0.9999999860405032","8.042631204801383","7.406535490100291","7.854555880825419","0.942960442637013","1200","1200","1200","0.9224505425745264","0.9169202925093743","0.9175078814661328","2.010657764656824","1.9581912703862807","1.963638355643936","0.9972260242106196","1200","1200","1200","0.9977689461044764","0.9970325409111198","0.9972568772977186","4.02131557264479","3.891004383425381","3.927277136420278","0.9907638927086364","1200","1200","1200","8.042631204801383","7.406535490100291","0.030148727608542928","0.029685928299450833","7.854555880825419","0.942960442637013","1200","1200","1200","200","0.006864392075610039","0.006922582487362279","0.11864186866716896","0.11853174033490088","50","0.00043444650004131934","","0.2247644576943179","0.008794915148818193","368.7808994849927","","0.008027495500861306","0.003111142675436543","25.137152","","31.345030082919735","-0.09169526474908808","1.701934602805404","","0.027587362835158506","0.005117720255689049","","0.8919842260962902","-0.003433886663054442","0.03385038942860251"
"usual-sweep-10","","finished","-","","","2026-07-05T21:29:13.000Z","35520","55if6jcw","abdomen","","32","checkpoints","","","[40,80,160]","200","25","32","6","cuda","","50","true","","","","","","16","1500","2","0.001","3","5","20","20","5","bd4c0b1","NVIDIA A100-PCIE-40GB","/workspace/data.h5","160","400","1","0","0.0001","","","","dncnn","2.224388","1","1","4","1","1","4","0.02","2","0.02","2","40","6683","10","1476","","8","556097","","","","","","","","","","","","","","","","","","","","","","","","","","","","","","","","","","","","","","64","","4","","","0","","","","","","2","1","similarity","1","4","64","2.3.1","556097","supervised","supervised","0.2","L004,L006,L057,L075,L081,L170,L175,L210,L237,L273","ctdenoiser-sweep","","","","48","2000","0.001","0.16579707945649055","0.02371023950991721","0.007906541896972624","0.003156594087970572","31.436725347668823","1.819202710753889","0.02736140823819571","0.005331033674202936","0.893201514957397","0.03449907267976729","0.9999999935354418","0.9999999467263984","0.5052899979441936","0.9999999860405032","0.9999999935354418","0.9999999467263984","0.9999999860405032","8.042631204801383","7.516811104537501","7.854555880825419","0.957000143431098","1200","1200","1200","0.9224505425745264","0.9225152543185096","0.9175078814661328","2.010657764656824","2.011288229827694","1.963638355643936","1.0242661150138983","1200","1200","1200","0.9977689461044764","0.9975682975823876","0.9972568772977186","4.02131557264479","3.9823470814720623","3.927277136420278","1.01402242396929","1200","1200","1200","8.042631204801383","7.516811104537501","0.018753104029707215","0.029685928299450833","7.854555880825419","0.957000143431098","1200","1200","1200","200","0.005033014451528289","0.006922582487362279","0.09290871045806194","0.11853174090385428","50","0.0006897148519300663","","0.18088932165770027","0.018213396161947015","456.5145036585991","","0.0032466500875291474","0.0011108047015088956","25.570304","","35.22207597923796","3.785350631569134","1.4505071786956456","","0.017598595037970562","0.0028190713769870443","","0.9376673347904754","0.0444658198330784","0.01960431289632965"
"visionary-sweep-9","","finished","-","","","2026-07-05T18:30:48.000Z","19485","55if6jcw","abdomen","","32","checkpoints","","","[40,80,160]","200","25","32","6","cuda","","50","true","","","","","","16","1500","2","0.001","3","5","20","20","5","bd4c0b1","NVIDIA A100-PCIE-40GB","/workspace/data.h5","160","400","1","0","0.0001","","","","redcnn","7.39546","1","1","4","1","1","4","0.02","2","0.02","2","40","6442","10","1717","","8","1848865","","","","","","","","","","","","","","","","","","","","","","","","","","","","","","","","","","","","","","64","","4","","","2","","","","","","2","1","similarity","1","4","64","2.3.1","1848865","n2sim","n2sim","0.2","L033,L056,L064,L107,L134,L148,L178,L193,L209,L299","ctdenoiser-sweep","","","","48","2000","0.001","0.1743450308252228","0.025161074853986172","0.011259451431635035","0.006622849727059079","30.035500681393355","2.1568400973465605","0.032486801829794396","0.008327561167528176","0.87730835372095","0.04906202559296733","0.9998081938300164","0.9994174875222328","0.5059394375671575","0.9997695622793682","0.9998081938300164","0.9994174875222328","0.9997695622793682","5.02202570412738","4.5923861301367195","4.953314344033104","0.9271339977986318","1200","1200","1200","0.812669734969969","0.8135071524834099","0.8093845684335557","1.255506765668037","1.2599152853165894","1.2383287259956752","1.0174320104732753","1200","1200","1200","0.9620968156485584","0.9596071570385278","0.960049537559666","2.511013309666974","2.469422536179964","2.4766573647754035","0.9970787930949442","1200","1200","1200","5.02202570412738","4.5923861301367195","0.02105553583941092","0.02320129409395606","4.953314344033104","0.9271339977986318","1200","1200","1200","200","0.011973594867740762","0.013690959554999917","0.0960956427454948","0.10763022907755589","50","0.0005122979200090628","","0.16448916834179717","0.022211694795211356","216.56724362513165","","0.007377203851970792","0.00568165443122739","45.646336","","31.904988239446073","1.8694875580527184","1.9911792749419752","","0.02621400437654627","0.007090393124865941","","0.901851541612755","0.024543187891805096","0.04476160234363509"
"dainty-sweep-8","","finished","-","","","2026-07-05T18:09:05.000Z","17517","55if6jcw","abdomen","","32","checkpoints","","","[40,80,160]","200","25","32","6","cuda","","50","true","","","","","","16","1500","2","0.001","3","5","20","20","5","bd4c0b1","NVIDIA A100 80GB PCIe","/workspace/data.h5","160","400","1","0","0.0001","","","","redcnn","7.39546","1","1","4","1","1","4","0.02","2","0.02","2","40","6442","10","1717","","8","1848865","","","","","","","","","","","","","","","","","","","","","","","","","","","","","","","","","","","","","","64","","4","","","2","","","","","","2","1","similarity","1","4","64","2.3.1","1848865","n2v","n2v","0.2","L033,L056,L064,L107,L134,L148,L178,L193,L209,L299","ctdenoiser-sweep","","","","48","2000","0.001","0.1743450308252228","0.025161074853986172","0.011259451431635035","0.006622849727059079","30.035500681393355","2.1568400973465605","0.032486801829794396","0.008327561167528176","0.87730835372095","0.04906202559296733","0.9998081938300164","0.9994124722319572","0.5083580706639631","0.9997695622793682","0.9998081938300164","0.9994124722319572","0.9997695622793682","5.02202570412738","4.58893470734673","4.953314344033104","0.9264372072155452","1200","1200","1200","0.812669734969969","0.8112107026810984","0.8093845684335557","1.255506765668037","1.2478548044389386","1.2383287259956752","1.007692689544615","1200","1200","1200","0.9620968156485584","0.9596189194867836","0.960049537559666","2.511013309666974","2.4696140680827385","2.4766573647754035","0.9971561279356446","1200","1200","1200","5.02202570412738","4.58893470734673","0.02963075686486838","0.02320129409395606","4.953314344033104","0.9264372072155452","1200","1200","1200","200","0.01290216220052874","0.013690959554999917","0.10302184145558968","0.10763022899627687","50","0.0003060413666657331","","0.17709071189599046","0.023152927359362408","183.36869653989115","","0.009947421400491572","0.006293846616134937","45.48608","","30.518312107634948","0.482811426241593","2.091596811819448","","0.03060972517498389","0.007963783212365865","","0.8842944195607962","0.006986065839846289","0.04804532878355324"
"driven-sweep-7","","finished","-","","","2026-07-05T15:12:51.000Z","22573","55if6jcw","abdomen","","32","checkpoints","","","[40,80,160]","200","25","32","6","cuda","","50","true","","","","","","16","1500","2","0.001","3","5","20","20","5","bd4c0b1","NVIDIA A100-PCIE-40GB","/workspace/data.h5","160","400","1","0","0.0001","","","","redcnn","7.39546","1","1","4","1","1","4","0.02","2","0.02","2","40","6442","10","1717","","8","1848865","","","","","","","","","","","","","","","","","","","","","","","","","","","","","","","","","","","","","","64","","4","","","2","","","","","","2","1","similarity","1","4","64","2.3.1","1848865","supervised","supervised","0.2","L033,L056,L064,L107,L134,L148,L178,L193,L209,L299","ctdenoiser-sweep","","","","48","2000","0.001","0.1743450308252228","0.025161074853986172","0.011259451431635035","0.006622849727059079","30.035500681393355","2.1568400973465605","0.032486801829794396","0.008327561167528176","0.87730835372095","0.04906202559296733","0.9998081938300164","0.9995235973817184","0.5067753542363184","0.9997695622793682","0.9998081938300164","0.9995235973817184","0.9997695622793682","5.02202570412738","4.67270850249961","4.953314344033104","0.943349882110446","1200","1200","1200","0.812669734969969","0.8139613690073393","0.8093845684335557","1.255506765668037","1.2623116015552036","1.2383287259956752","1.0193671317284876","1200","1200","1200","0.9620968156485584","0.9632650320207888","0.960049537559666","2.511013309666974","2.5313013205690975","2.4766573647754035","1.0220635912625118","1200","1200","1200","5.02202570412738","4.67270850249961","0.024019160126120872","0.02320129409395606","4.953314344033104","0.943349882110446","1200","1200","1200","200","0.01060078160291596","0.013690959554999917","0.08778054223819211","0.10763022902336988","50","0.0006193045744646684","","0.1609227558121684","0.023465444199625343","220.49038327319585","","0.004043829192998116","0.002038319157040489","45.646336","","34.34584650274065","4.310345821347294","1.6421399472950804","","0.019594443372375373","0.004021900352360713","","0.9272732036573358","0.04996484993638584","0.030002712645135512"
"deft-sweep-6","","finished","-","","","2026-07-05T13:44:48.000Z","46634","55if6jcw","abdomen","","32","checkpoints","","","[40,80,160]","200","25","32","6","cuda","","50","true","","","","","","16","1500","2","0.001","3","5","20","20","5","bd4c0b1","NVIDIA A100-SXM4-80GB","/workspace/data.h5","160","400","1","0","0.0001","","","","redcnn","7.39546","1","1","4","1","1","4","0.02","2","0.02","2","40","6395","10","1764","","8","1848865","","","","","","","","","","","","","","","","","","","","","","","","","","","","","","","","","","","","","","64","","4","","","1","","","","","","2","1","similarity","1","4","64","2.3.1","1848865","n2sim","n2sim","0.2","L014,L049,L064,L081,L107,L131,L178,L266,L273,L277","ctdenoiser-sweep","","","","48","2000","0.001","0.1817106632748091","0.025930322133062955","0.015348401400281746","0.01255091615694689","29.271948412162107","2.730983950082522","0.03612447276187727","0.011609873771247331","0.8587089023825263","0.058741084661104115","0.9999458671538104","0.9995261433522468","0.5095711598024544","0.9999267037559536","0.9999458671538104","0.9995261433522468","0.9999267037559536","5.474815569530475","4.67483250124443","5.369446487055258","0.870635830437008","1200","1200","1200","0.8334326779173298","0.8287966984321935","0.8287386585113559","1.3687031206103066","1.3426838620509","1.3423609968807524","1.0002405203748457","1200","1200","1200","0.9735440282685178","0.969230679601254","0.9711773363580511","2.7374067737019043","2.6440212524342024","2.684722424241604","0.984839709520846","1200","1200","1200","5.474815569530475","4.67483250124443","0.033932133576916094","0.031781855157137974","5.369446487055258","0.870635830437008","1200","1200","1200","200","0.009984201435872817","0.011120062474947196","0.09676872730255125","0.10838529367338526","50","0.0004857610285637479","","0.1676903758451444","0.022498127656798293","469.8088165196271","","0.009792783836514189","0.00878755010339223","46.203392","","31.130753311710833","1.8588048995487263","2.3871372059498723","","0.029031243766584093","0.00923539415596978","","0.8850165637645051","0.02630766138197882","0.052031780634623145"
"confused-sweep-5","","finished","-","","","2026-07-05T13:44:17.000Z","43767","55if6jcw","abdomen","","32","checkpoints","","","[40,80,160]","200","25","32","6","cuda","","50","true","","","","","","16","1500","2","0.001","3","5","20","20","5","bd4c0b1","NVIDIA A100-SXM4-80GB","/workspace/data.h5","160","400","1","0","0.0001","","","","redcnn","7.39546","1","1","4","1","1","4","0.02","2","0.02","2","40","6395","10","1764","","8","1848865","","","","","","","","","","","","","","","","","","","","","","","","","","","","","","","","","","","","","","64","","4","","","1","","","","","","2","1","similarity","1","4","64","2.3.1","1848865","n2v","n2v","0.2","L014,L049,L064,L081,L107,L131,L178,L266,L273,L277","ctdenoiser-sweep","","","","48","2000","0.001","0.1817106632748091","0.025930322133062955","0.015348401400281746","0.01255091615694689","29.271948412162107","2.730983950082522","0.03612447276187727","0.011609873771247331","0.8587089023825263","0.058741084661104115","0.9999458671538104","0.9995870063921352","0.5117854862245205","0.9999267037559536","0.9999458671538104","0.9995870063921352","0.9999267037559536","5.474815569530475","4.729039967852461","5.369446487055258","0.8807313713346991","1200","1200","1200","0.8334326779173298","0.829113358083319","0.8287386585113559","1.3687031206103066","1.3444466141482028","1.3423609968807524","1.0015536932854103","1200","1200","1200","0.9735440282685178","0.9694432636037916","0.9711773363580511","2.7374067737019043","2.648360385363323","2.684722424241604","0.9864559410127648","1200","1200","1200","5.474815569530475","4.729039967852461","0.04178453955944632","0.031781855157137974","5.369446487055258","0.8807313713346991","1200","1200","1200","200","0.010584899700431088","0.011120062474947196","0.10363240358504384","0.10838529391722244","50","0.0002531148122654146","","0.1854569775785178","0.023098083656042625","299.57760780888174","","0.013684697883718917","0.012586683957318288","45.77024","","29.676512472753892","0.4045640605917846","2.681194644594303","","0.03423961026798891","0.011470758618270004","","0.8637232604413346","0.005014358058808344","0.062447415929737016"
"efficient-sweep-4","","finished","-","","","2026-07-05T13:44:16.000Z","44206","55if6jcw","abdomen","","32","checkpoints","","","[40,80,160]","200","25","32","6","cuda","","50","true","","","","","","16","1500","2","0.001","3","5","20","20","5","bd4c0b1","NVIDIA A100-SXM4-80GB","/workspace/data.h5","160","400","1","0","0.0001","","","","redcnn","7.39546","1","1","4","1","1","4","0.02","2","0.02","2","40","6395","10","1764","","8","1848865","","","","","","","","","","","","","","","","","","","","","","","","","","","","","","","","","","","","","","64","","4","","","1","","","","","","2","1","similarity","1","4","64","2.3.1","1848865","supervised","supervised","0.2","L014,L049,L064,L081,L107,L131,L178,L266,L273,L277","ctdenoiser-sweep","","","","48","2000","0.001","0.1817106632748091","0.025930322133062955","0.015348401400281746","0.01255091615694689","29.271948412162107","2.730983950082522","0.03612447276187727","0.011609873771247331","0.8587089023825263","0.058741084661104115","0.9999458671538104","0.9996053380085368","0.5068573656509151","0.9999267037559536","0.9999458671538104","0.9996053380085368","0.9999267037559536","5.474815569530475","4.746824283512473","5.369446487055258","0.8840435033585283","1200","1200","1200","0.8334326779173298","0.8353033842471592","0.8287386585113559","1.3687031206103066","1.3793345032700186","1.3423609968807524","1.0275436387642234","1200","1200","1200","0.9735440282685178","0.9724354976137032","0.9711773363580511","2.7374067737019043","2.712260953348795","2.684722424241604","1.010257495843344","1200","1200","1200","5.474815569530475","4.746824283512473","0.024309925465072168","0.031781855157137974","5.369446487055258","0.8840435033585283","1200","1200","1200","200","0.008565985665991323","0.011120062474947196","0.0834124219688502","0.10838529394431548","50","0.0005875118432873809","","0.1752532891667281","0.02673363490633019","304.4026320332412","","0.0052518778682666325","0.004128110949969758","46.203392","","33.719097909473234","4.447149497311127","2.2688602534061015","","0.021387158319155546","0.006119819958642766","","0.9129132655134548","0.05410864871510568","0.04267150555933466"
"noble-sweep-3","","finished","-","","","2026-07-05T13:44:07.000Z","17192","55if6jcw","abdomen","","32","checkpoints","","","[40,80,160]","200","25","32","6","cuda","","50","true","","","","","","16","1500","2","0.001","3","5","20","20","5","bd4c0b1","NVIDIA A100-PCIE-40GB","/workspace/data.h5","160","400","1","0","0.0001","","","","redcnn","7.39546","1","1","4","1","1","4","0.02","2","0.02","2","40","6683","10","1476","","8","1848865","","","","","","","","","","","","","","","","","","","","","","","","","","","","","","","","","","","","","","64","","4","","","0","","","","","","2","1","similarity","1","4","64","2.3.1","1848865","n2sim","n2sim","0.2","L004,L006,L057,L075,L081,L170,L175,L210,L237,L273","ctdenoiser-sweep","","","","48","2000","0.001","0.16579707945649055","0.02371023950991721","0.007906541896972624","0.003156594087970572","31.436725347668823","1.819202710753889","0.02736140823819571","0.005331033674202936","0.893201514957397","0.03449907267976729","0.9999999935354418","0.9999998986560436","0.5075996236154383","0.9999999860405032","0.9999999935354418","0.9999998986560436","0.9999999860405032","8.042631204801383","7.3494633726164995","7.854555880825419","0.9356943262136624","1200","1200","1200","0.9224505425745264","0.9175921464270846","0.9175078814661328","2.010657764656824","1.9644219032576504","1.963638355643936","1.0003990284725606","1200","1200","1200","0.9977689461044764","0.9969791198525988","0.9972568772977186","4.02131557264479","3.882732279505126","3.927277136420278","0.9886575723159292","1200","1200","1200","8.042631204801383","7.3494633726164995","0.026941593825005265","0.029685928299450833","7.854555880825419","0.9356943262136624","1200","1200","1200","200","0.006039669612376505","0.006922582487362279","0.10595552371306852","0.1185317407412962","50","0.0005307806243468299","","0.15613865764019128","0.02055079447776471","212.9485903271199","","0.005359721474625867","0.0028342765578507037","46.203392","","33.12718023000371","1.6904548823348868","1.551716271207338","","0.022487083445542913","0.00439430592518872","","0.9155339170600664","0.02222416317721365","0.03062295628031848"
"woven-sweep-2","","finished","-","","","2026-07-05T13:43:46.000Z","15911","55if6jcw","abdomen","","32","checkpoints","","","[40,80,160]","200","25","32","6","cuda","","50","true","","","","","","16","1500","2","0.001","3","5","20","20","5","bd4c0b1","NVIDIA A100 80GB PCIe","/workspace/data.h5","160","400","1","0","0.0001","","","","redcnn","7.39546","1","1","4","1","1","4","0.02","2","0.02","2","40","6683","10","1476","","8","1848865","","","","","","","","","","","","","","","","","","","","","","","","","","","","","","","","","","","","","","64","","4","","","0","","","","","","2","1","similarity","1","4","64","2.3.1","1848865","n2v","n2v","0.2","L004,L006,L057,L075,L081,L170,L175,L210,L237,L273","ctdenoiser-sweep","","","","48","2000","0.001","0.16579707945649055","0.02371023950991721","0.007906541896972624","0.003156594087970572","31.436725347668823","1.819202710753889","0.02736140823819571","0.005331033674202936","0.893201514957397","0.03449907267976729","0.9999999935354418","0.9999999293617624","0.5078232199651098","0.9999999860405032","0.9999999935354418","0.9999999293617624","0.9999999860405032","8.042631204801383","7.443827170216179","7.854555880825419","0.9477082196828068","1200","1200","1200","0.9224505425745264","0.9180756254599504","0.9175078814661328","2.010657764656824","1.968929290334959","1.963638355643936","1.0026944547481542","1200","1200","1200","0.9977689461044764","0.9971541486402848","0.9972568772977186","4.02131557264479","3.91034725253018","3.927277136420278","0.995689154775176","1200","1200","1200","8.042631204801383","7.443827170216179","0.027734370367002933","0.029685928299450833","7.854555880825419","0.9477082196828068","1200","1200","1200","200","0.006577770162208861","0.006922582487362279","0.11425808445973833","0.1185317408225752","50","0.00030501467020067744","","0.16977574113948235","0.021950916228656733","205.18415112163223","","0.0071962595152855425","0.003046901258779253","45.769728","","31.80482933644034","0.36810398877151584","1.740183304858687","","0.026132038860079556","0.005097043735581116","","0.9003845053475078","0.006581389685956451","0.03378698290284893"
"fresh-sweep-1","","finished","-","","","2026-07-05T13:43:40.000Z","35440","55if6jcw","abdomen","","32","checkpoints","","","[40,80,160]","200","25","32","6","cuda","","50","true","","","","","","16","1500","2","0.001","3","5","20","20","5","bd4c0b1","NVIDIA A100-SXM4-80GB","/workspace/data.h5","160","400","1","0","0.0001","","","","redcnn","7.39546","1","1","4","1","1","4","0.02","2","0.02","2","40","6683","10","1476","","8","1848865","","","","","","","","","","","","","","","","","","","","","","","","","","","","","","","","","","","","","","64","","4","","","0","","","","","","2","1","similarity","1","4","64","2.3.1","1848865","supervised","supervised","0.2","L004,L006,L057,L075,L081,L170,L175,L210,L237,L273","ctdenoiser-sweep","","","","48","2000","0.001","0.16579707945649055","0.02371023950991721","0.007906541896972624","0.003156594087970572","31.436725347668823","1.819202710753889","0.02736140823819571","0.005331033674202936","0.893201514957397","0.03449907267976729","0.9999999935354418","0.9999999438549068","0.5050092347314445","0.9999999860405032","0.9999999935354418","0.9999999438549068","0.9999999860405032","8.042631204801383","7.503280864395226","7.854555880825419","0.9552775456995948","1200","1200","1200","0.9224505425745264","0.9229631764197284","0.9175078814661328","2.010657764656824","2.015663187647041","1.963638355643936","1.0264941005320931","1200","1200","1200","0.9977689461044764","0.9977026491059576","0.9972568772977186","4.02131557264479","4.0081006578493135","3.927277136420278","1.0205800402216347","1200","1200","1200","8.042631204801383","7.503280864395226","0.01775774140861207","0.029685928299450833","7.854555880825419","0.9552775456995948","1200","1200","1200","200","0.004964808788311832","0.006922582487362279","0.0913731201670386","0.11853173987431952","50","0.000641115009854377","","0.16406991223231726","0.02241510329890531","301.8700647720598","","0.0030779153658178075","0.0010606646890287204","46.203392","","35.43647298967935","3.99974764201053","1.4373957993015385","","0.017147999464440837","0.002761260270373186","","0.9394773089788794","0.04595856574492729","0.01939212298661295"